date,region,resource_type,usage_cpu,usage_storage,users_active,month,total_usage,economic_index,cloud_market_demand,holiday
2023-01-01,East US,VM,88,1959,470,2023-01,2517,104.97,0.99,1
2023-01-01,East US,Storage,92,1595,388,2023-01,2075,104.97,0.99,1
2023-01-01,East US,Container,70,621,414,2023-01,1105,104.97,0.99,1
2023-01-01,West US,VM,60,1982,287,2023-01,2329,104.97,0.99,1
2023-01-01,West US,Storage,85,1371,351,2023-01,1807,104.97,0.99,1
2023-01-01,West US,Container,52,1832,457,2023-01,2341,104.97,0.99,1
2023-01-01,North Europe,VM,73,1937,493,2023-01,2503,104.97,0.99,1
2023-01-01,North Europe,Storage,51,1715,476,2023-01,2242,104.97,0.99,1
2023-01-01,North Europe,Container,82,959,221,2023-01,1262,104.97,0.99,1
2023-01-01,Southeast Asia,VM,93,1356,248,2023-01,1697,104.97,0.99,1
2023-01-01,Southeast Asia,Storage,76,1582,369,2023-01,2027,104.97,0.99,1
2023-01-01,Southeast Asia,Container,77,1199,470,2023-01,1746,104.97,0.99,1
2023-01-02,East US,VM,96,1457,250,2023-01,1803,106.48,1.15,0
2023-01-02,East US,Storage,93,1767,330,2023-01,2190,106.48,1.15,0
2023-01-02,East US,Container,86,1146,220,2023-01,1452,106.48,1.15,0
2023-01-02,West US,VM,58,666,473,2023-01,1197,106.48,1.15,0
2023-01-02,West US,Storage,53,1100,213,2023-01,1366,106.48,1.15,0
2023-01-02,West US,Container,99,1276,252,2023-01,1627,106.48,1.15,0
2023-01-02,North Europe,VM,51,1863,291,2023-01,2205,106.48,1.15,0
2023-01-02,North Europe,Storage,96,1455,463,2023-01,2014,106.48,1.15,0
2023-01-02,North Europe,Container,96,534,405,2023-01,1035,106.48,1.15,0
2023-01-02,Southeast Asia,VM,66,1911,201,2023-01,2178,106.48,1.15,0
2023-01-02,Southeast Asia,Storage,55,1065,305,2023-01,1425,106.48,1.15,0
2023-01-02,Southeast Asia,Container,53,1202,417,2023-01,1672,106.48,1.15,0
2023-01-03,East US,VM,93,661,401,2023-01,1155,97.66,0.98,0
2023-01-03,East US,Storage,85,769,470,2023-01,1324,97.66,0.98,0
2023-01-03,East US,Container,57,1985,414,2023-01,2456,97.66,0.98,0
2023-01-03,West US,VM,89,1219,436,2023-01,1744,97.66,0.98,0
2023-01-03,West US,Storage,67,1378,252,2023-01,1697,97.66,0.98,0
2023-01-03,West US,Container,73,716,451,2023-01,1240,97.66,0.98,0
2023-01-03,North Europe,VM,94,1564,356,2023-01,2014,97.66,0.98,0
2023-01-03,North Europe,Storage,64,564,208,2023-01,836,97.66,0.98,0
2023-01-03,North Europe,Container,73,1652,335,2023-01,2060,97.66,0.98,0
2023-01-03,Southeast Asia,VM,73,1586,338,2023-01,1997,97.66,0.98,0
2023-01-03,Southeast Asia,Storage,66,891,362,2023-01,1319,97.66,0.98,0
2023-01-03,Southeast Asia,Container,84,788,460,2023-01,1332,97.66,0.98,0
2023-01-04,East US,VM,91,730,240,2023-01,1061,115.79,1.08,0
2023-01-04,East US,Storage,77,634,400,2023-01,1111,115.79,1.08,0
2023-01-04,East US,Container,57,1279,232,2023-01,1568,115.79,1.08,0
2023-01-04,West US,VM,97,1002,261,2023-01,1360,115.79,1.08,0
2023-01-04,West US,Storage,73,1304,298,2023-01,1675,115.79,1.08,0
2023-01-04,West US,Container,93,1225,234,2023-01,1552,115.79,1.08,0
2023-01-04,North Europe,VM,50,1112,330,2023-01,1492,115.79,1.08,0
2023-01-04,North Europe,Storage,50,1528,417,2023-01,1995,115.79,1.08,0
2023-01-04,North Europe,Container,63,1370,482,2023-01,1915,115.79,1.08,0
2023-01-04,Southeast Asia,VM,58,706,214,2023-01,978,115.79,1.08,0
2023-01-04,Southeast Asia,Storage,75,1391,378,2023-01,1844,115.79,1.08,0
2023-01-04,Southeast Asia,Container,81,1242,440,2023-01,1763,115.79,1.08,0
2023-01-05,East US,VM,81,984,430,2023-01,1495,95.31,1.05,0
2023-01-05,East US,Storage,94,1694,228,2023-01,2016,95.31,1.05,0
2023-01-05,East US,Container,85,1024,359,2023-01,1468,95.31,1.05,0
2023-01-05,West US,VM,56,1766,285,2023-01,2107,95.31,1.05,0
2023-01-05,West US,Storage,77,1077,369,2023-01,1523,95.31,1.05,0
2023-01-05,West US,Container,94,1512,333,2023-01,1939,95.31,1.05,0
2023-01-05,North Europe,VM,77,1551,307,2023-01,1935,95.31,1.05,0
2023-01-05,North Europe,Storage,93,1863,485,2023-01,2441,95.31,1.05,0
2023-01-05,North Europe,Container,60,1871,430,2023-01,2361,95.31,1.05,0
2023-01-05,Southeast Asia,VM,82,1908,482,2023-01,2472,95.31,1.05,0
2023-01-05,Southeast Asia,Storage,62,1782,397,2023-01,2241,95.31,1.05,0
2023-01-05,Southeast Asia,Container,57,1934,336,2023-01,2327,95.31,1.05,0
2023-01-06,East US,VM,86,1748,433,2023-01,2267,95.37,0.95,0
2023-01-06,East US,Storage,93,1163,359,2023-01,1615,95.37,0.95,0
2023-01-06,East US,Container,81,1995,432,2023-01,2508,95.37,0.95,0
2023-01-06,West US,VM,98,941,251,2023-01,1290,95.37,0.95,0
2023-01-06,West US,Storage,61,1909,312,2023-01,2282,95.37,0.95,0
2023-01-06,West US,Container,86,1451,280,2023-01,1817,95.37,0.95,0
2023-01-06,North Europe,VM,98,501,329,2023-01,928,95.37,0.95,0
2023-01-06,North Europe,Storage,77,1354,423,2023-01,1854,95.37,0.95,0
2023-01-06,North Europe,Container,82,884,325,2023-01,1291,95.37,0.95,0
2023-01-06,Southeast Asia,VM,51,1576,371,2023-01,1998,95.37,0.95,0
2023-01-06,Southeast Asia,Storage,75,1939,446,2023-01,2460,95.37,0.95,0
2023-01-06,Southeast Asia,Container,53,1962,402,2023-01,2417,95.37,0.95,0
2023-01-07,East US,VM,66,1266,493,2023-01,1825,102.42,0.81,1
2023-01-07,East US,Storage,73,1383,297,2023-01,1753,102.42,0.81,1
2023-01-07,East US,Container,55,1481,439,2023-01,1975,102.42,0.81,1
2023-01-07,West US,VM,65,1108,400,2023-01,1573,102.42,0.81,1
2023-01-07,West US,Storage,55,963,458,2023-01,1476,102.42,0.81,1
2023-01-07,West US,Container,69,1263,346,2023-01,1678,102.42,0.81,1
2023-01-07,North Europe,VM,69,1363,398,2023-01,1830,102.42,0.81,1
2023-01-07,North Europe,Storage,90,1428,327,2023-01,1845,102.42,0.81,1
2023-01-07,North Europe,Container,88,837,328,2023-01,1253,102.42,0.81,1
2023-01-07,Southeast Asia,VM,60,972,350,2023-01,1382,102.42,0.81,1
2023-01-07,Southeast Asia,Storage,80,1821,298,2023-01,2199,102.42,0.81,1
2023-01-07,Southeast Asia,Container,56,643,311,2023-01,1010,102.42,0.81,1
2023-01-08,East US,VM,98,501,453,2023-01,1052,82.75,0.94,1
2023-01-08,East US,Storage,61,952,236,2023-01,1249,82.75,0.94,1
2023-01-08,East US,Container,81,1514,208,2023-01,1803,82.75,0.94,1
2023-01-08,West US,VM,90,1622,346,2023-01,2058,82.75,0.94,1
2023-01-08,West US,Storage,97,707,330,2023-01,1134,82.75,0.94,1
2023-01-08,West US,Container,69,651,253,2023-01,973,82.75,0.94,1
2023-01-08,North Europe,VM,82,1127,274,2023-01,1483,82.75,0.94,1
2023-01-08,North Europe,Storage,98,1943,303,2023-01,2344,82.75,0.94,1
2023-01-08,North Europe,Container,69,753,426,2023-01,1248,82.75,0.94,1
2023-01-08,Southeast Asia,VM,97,1009,298,2023-01,1404,82.75,0.94,1
2023-01-08,Southeast Asia,Storage,74,1413,393,2023-01,1880,82.75,0.94,1
2023-01-08,Southeast Asia,Container,84,1456,368,2023-01,1908,82.75,0.94,1
2023-01-09,East US,VM,85,660,267,2023-01,1012,89.87,1.03,0
2023-01-09,East US,Storage,82,897,476,2023-01,1455,89.87,1.03,0
2023-01-09,East US,Container,97,1915,334,2023-01,2346,89.87,1.03,0
2023-01-09,West US,VM,52,900,327,2023-01,1279,89.87,1.03,0
2023-01-09,West US,Storage,82,1187,221,2023-01,1490,89.87,1.03,0
2023-01-09,West US,Container,95,537,429,2023-01,1061,89.87,1.03,0
2023-01-09,North Europe,VM,94,1062,463,2023-01,1619,89.87,1.03,0
2023-01-09,North Europe,Storage,76,526,425,2023-01,1027,89.87,1.03,0
2023-01-09,North Europe,Container,70,1297,296,2023-01,1663,89.87,1.03,0
2023-01-09,Southeast Asia,VM,77,1378,346,2023-01,1801,89.87,1.03,0
2023-01-09,Southeast Asia,Storage,53,1046,391,2023-01,1490,89.87,1.03,0
2023-01-09,Southeast Asia,Container,98,516,371,2023-01,985,89.87,1.03,0
2023-01-10,East US,VM,77,657,245,2023-01,979,90.92,0.86,0
2023-01-10,East US,Storage,55,598,432,2023-01,1085,90.92,0.86,0
2023-01-10,East US,Container,86,779,380,2023-01,1245,90.92,0.86,0
2023-01-10,West US,VM,80,1622,387,2023-01,2089,90.92,0.86,0
2023-01-10,West US,Storage,82,1639,390,2023-01,2111,90.92,0.86,0
2023-01-10,West US,Container,70,1427,360,2023-01,1857,90.92,0.86,0
2023-01-10,North Europe,VM,52,627,217,2023-01,896,90.92,0.86,0
2023-01-10,North Europe,Storage,74,1065,257,2023-01,1396,90.92,0.86,0
2023-01-10,North Europe,Container,52,1185,479,2023-01,1716,90.92,0.86,0
2023-01-10,Southeast Asia,VM,99,1811,350,2023-01,2260,90.92,0.86,0
2023-01-10,Southeast Asia,Storage,51,654,472,2023-01,1177,90.92,0.86,0
2023-01-10,Southeast Asia,Container,89,1916,498,2023-01,2503,90.92,0.86,0
2023-01-11,East US,VM,97,1562,369,2023-01,2028,114.66,0.98,0
2023-01-11,East US,Storage,75,1420,212,2023-01,1707,114.66,0.98,0
2023-01-11,East US,Container,56,535,372,2023-01,963,114.66,0.98,0
2023-01-11,West US,VM,69,820,463,2023-01,1352,114.66,0.98,0
2023-01-11,West US,Storage,95,899,341,2023-01,1335,114.66,0.98,0
2023-01-11,West US,Container,61,970,342,2023-01,1373,114.66,0.98,0
2023-01-11,North Europe,VM,77,1877,487,2023-01,2441,114.66,0.98,0
2023-01-11,North Europe,Storage,72,1353,250,2023-01,1675,114.66,0.98,0
2023-01-11,North Europe,Container,74,1074,389,2023-01,1537,114.66,0.98,0
2023-01-11,Southeast Asia,VM,71,813,257,2023-01,1141,114.66,0.98,0
2023-01-11,Southeast Asia,Storage,71,804,379,2023-01,1254,114.66,0.98,0
2023-01-11,Southeast Asia,Container,91,1337,470,2023-01,1898,114.66,0.98,0
2023-01-12,East US,VM,92,943,300,2023-01,1335,100.68,0.86,0
2023-01-12,East US,Storage,82,763,252,2023-01,1097,100.68,0.86,0
2023-01-12,East US,Container,93,504,302,2023-01,899,100.68,0.86,0
2023-01-12,West US,VM,53,1273,246,2023-01,1572,100.68,0.86,0
2023-01-12,West US,Storage,84,1322,343,2023-01,1749,100.68,0.86,0
2023-01-12,West US,Container,62,869,323,2023-01,1254,100.68,0.86,0
2023-01-12,North Europe,VM,91,1156,319,2023-01,1566,100.68,0.86,0
2023-01-12,North Europe,Storage,68,1581,428,2023-01,2077,100.68,0.86,0
2023-01-12,North Europe,Container,75,616,478,2023-01,1169,100.68,0.86,0
2023-01-12,Southeast Asia,VM,58,1512,328,2023-01,1898,100.68,0.86,0
2023-01-12,Southeast Asia,Storage,50,1301,295,2023-01,1646,100.68,0.86,0
2023-01-12,Southeast Asia,Container,97,987,436,2023-01,1520,100.68,0.86,0
2023-01-13,East US,VM,50,1795,388,2023-01,2233,94.56,1.01,0
2023-01-13,East US,Storage,88,1203,268,2023-01,1559,94.56,1.01,0
2023-01-13,East US,Container,71,1360,446,2023-01,1877,94.56,1.01,0
2023-01-13,West US,VM,52,1599,353,2023-01,2004,94.56,1.01,0
2023-01-13,West US,Storage,65,1958,285,2023-01,2308,94.56,1.01,0
2023-01-13,West US,Container,78,1743,268,2023-01,2089,94.56,1.01,0
2023-01-13,North Europe,VM,96,1508,293,2023-01,1897,94.56,1.01,0
2023-01-13,North Europe,Storage,95,1457,403,2023-01,1955,94.56,1.01,0
2023-01-13,North Europe,Container,65,717,238,2023-01,1020,94.56,1.01,0
2023-01-13,Southeast Asia,VM,85,1812,453,2023-01,2350,94.56,1.01,0
2023-01-13,Southeast Asia,Storage,79,856,222,2023-01,1157,94.56,1.01,0
2023-01-13,Southeast Asia,Container,59,1623,489,2023-01,2171,94.56,1.01,0
2023-01-14,East US,VM,80,1261,346,2023-01,1687,88.49,1.04,1
2023-01-14,East US,Storage,81,1268,203,2023-01,1552,88.49,1.04,1
2023-01-14,East US,Container,65,1291,446,2023-01,1802,88.49,1.04,1
2023-01-14,West US,VM,51,996,359,2023-01,1406,88.49,1.04,1
2023-01-14,West US,Storage,76,1351,351,2023-01,1778,88.49,1.04,1
2023-01-14,West US,Container,61,1189,362,2023-01,1612,88.49,1.04,1
2023-01-14,North Europe,VM,82,1456,378,2023-01,1916,88.49,1.04,1
2023-01-14,North Europe,Storage,92,1791,264,2023-01,2147,88.49,1.04,1
2023-01-14,North Europe,Container,82,1691,242,2023-01,2015,88.49,1.04,1
2023-01-14,Southeast Asia,VM,93,784,211,2023-01,1088,88.49,1.04,1
2023-01-14,Southeast Asia,Storage,80,1825,452,2023-01,2357,88.49,1.04,1
2023-01-14,Southeast Asia,Container,99,534,414,2023-01,1047,88.49,1.04,1
2023-01-15,East US,VM,66,589,463,2023-01,1118,93.99,0.97,1
2023-01-15,East US,Storage,78,1469,289,2023-01,1836,93.99,0.97,1
2023-01-15,East US,Container,83,614,304,2023-01,1001,93.99,0.97,1
2023-01-15,West US,VM,56,1719,313,2023-01,2088,93.99,0.97,1
2023-01-15,West US,Storage,94,1598,416,2023-01,2108,93.99,0.97,1
2023-01-15,West US,Container,70,1520,448,2023-01,2038,93.99,0.97,1
2023-01-15,North Europe,VM,85,1917,391,2023-01,2393,93.99,0.97,1
2023-01-15,North Europe,Storage,84,1622,235,2023-01,1941,93.99,0.97,1
2023-01-15,North Europe,Container,67,1508,295,2023-01,1870,93.99,0.97,1
2023-01-15,Southeast Asia,VM,73,1162,389,2023-01,1624,93.99,0.97,1
2023-01-15,Southeast Asia,Storage,81,536,467,2023-01,1084,93.99,0.97,1
2023-01-15,Southeast Asia,Container,98,778,416,2023-01,1292,93.99,0.97,1
2023-01-16,East US,VM,84,1372,485,2023-01,1941,93.98,1.19,0
2023-01-16,East US,Storage,66,561,283,2023-01,910,93.98,1.19,0
2023-01-16,East US,Container,97,1228,386,2023-01,1711,93.98,1.19,0
2023-01-16,West US,VM,68,676,299,2023-01,1043,93.98,1.19,0
2023-01-16,West US,Storage,61,944,432,2023-01,1437,93.98,1.19,0
2023-01-16,West US,Container,68,575,464,2023-01,1107,93.98,1.19,0
2023-01-16,North Europe,VM,56,1217,422,2023-01,1695,93.98,1.19,0
2023-01-16,North Europe,Storage,68,1890,343,2023-01,2301,93.98,1.19,0
2023-01-16,North Europe,Container,54,1622,224,2023-01,1900,93.98,1.19,0
2023-01-16,Southeast Asia,VM,70,1674,343,2023-01,2087,93.98,1.19,0
2023-01-16,Southeast Asia,Storage,88,608,380,2023-01,1076,93.98,1.19,0
2023-01-16,Southeast Asia,Container,91,1709,422,2023-01,2222,93.98,1.19,0
2023-01-17,East US,VM,54,1686,414,2023-01,2154,99.87,0.89,0
2023-01-17,East US,Storage,78,734,345,2023-01,1157,99.87,0.89,0
2023-01-17,East US,Container,96,1087,208,2023-01,1391,99.87,0.89,0
2023-01-17,West US,VM,59,1453,452,2023-01,1964,99.87,0.89,0
2023-01-17,West US,Storage,87,1697,340,2023-01,2124,99.87,0.89,0
2023-01-17,West US,Container,89,669,482,2023-01,1240,99.87,0.89,0
2023-01-17,North Europe,VM,51,528,364,2023-01,943,99.87,0.89,0
2023-01-17,North Europe,Storage,87,838,335,2023-01,1260,99.87,0.89,0
2023-01-17,North Europe,Container,97,1888,344,2023-01,2329,99.87,0.89,0
2023-01-17,Southeast Asia,VM,56,716,331,2023-01,1103,99.87,0.89,0
2023-01-17,Southeast Asia,Storage,85,1593,451,2023-01,2129,99.87,0.89,0
2023-01-17,Southeast Asia,Container,80,944,381,2023-01,1405,99.87,0.89,0
2023-01-18,East US,VM,88,590,401,2023-01,1079,108.23,0.88,0
2023-01-18,East US,Storage,75,538,325,2023-01,938,108.23,0.88,0
2023-01-18,East US,Container,52,672,340,2023-01,1064,108.23,0.88,0
2023-01-18,West US,VM,99,1743,325,2023-01,2167,108.23,0.88,0
2023-01-18,West US,Storage,69,975,200,2023-01,1244,108.23,0.88,0
2023-01-18,West US,Container,52,847,389,2023-01,1288,108.23,0.88,0
2023-01-18,North Europe,VM,98,1932,316,2023-01,2346,108.23,0.88,0
2023-01-18,North Europe,Storage,55,557,243,2023-01,855,108.23,0.88,0
2023-01-18,North Europe,Container,94,1171,372,2023-01,1637,108.23,0.88,0
2023-01-18,Southeast Asia,VM,96,1672,279,2023-01,2047,108.23,0.88,0
2023-01-18,Southeast Asia,Storage,70,702,451,2023-01,1223,108.23,0.88,0
2023-01-18,Southeast Asia,Container,86,1750,346,2023-01,2182,108.23,0.88,0
2023-01-19,East US,VM,69,1964,246,2023-01,2279,102.09,0.8,0
2023-01-19,East US,Storage,90,1828,213,2023-01,2131,102.09,0.8,0
2023-01-19,East US,Container,64,1938,200,2023-01,2202,102.09,0.8,0
2023-01-19,West US,VM,52,1155,211,2023-01,1418,102.09,0.8,0
2023-01-19,West US,Storage,59,1235,471,2023-01,1765,102.09,0.8,0
2023-01-19,West US,Container,57,857,355,2023-01,1269,102.09,0.8,0
2023-01-19,North Europe,VM,57,1645,363,2023-01,2065,102.09,0.8,0
2023-01-19,North Europe,Storage,75,1197,377,2023-01,1649,102.09,0.8,0
2023-01-19,North Europe,Container,77,1231,240,2023-01,1548,102.09,0.8,0
2023-01-19,Southeast Asia,VM,85,1001,344,2023-01,1430,102.09,0.8,0
2023-01-19,Southeast Asia,Storage,58,1428,411,2023-01,1897,102.09,0.8,0
2023-01-19,Southeast Asia,Container,62,1231,439,2023-01,1732,102.09,0.8,0
2023-01-20,East US,VM,78,1408,245,2023-01,1731,86.72,1.02,0
2023-01-20,East US,Storage,84,1776,281,2023-01,2141,86.72,1.02,0
2023-01-20,East US,Container,54,949,209,2023-01,1212,86.72,1.02,0
2023-01-20,West US,VM,79,1765,450,2023-01,2294,86.72,1.02,0
2023-01-20,West US,Storage,94,1528,318,2023-01,1940,86.72,1.02,0
2023-01-20,West US,Container,82,873,264,2023-01,1219,86.72,1.02,0
2023-01-20,North Europe,VM,67,723,438,2023-01,1228,86.72,1.02,0
2023-01-20,North Europe,Storage,98,1352,481,2023-01,1931,86.72,1.02,0
2023-01-20,North Europe,Container,74,1326,482,2023-01,1882,86.72,1.02,0
2023-01-20,Southeast Asia,VM,98,1984,297,2023-01,2379,86.72,1.02,0
2023-01-20,Southeast Asia,Storage,90,1622,205,2023-01,1917,86.72,1.02,0
2023-01-20,Southeast Asia,Container,77,1208,332,2023-01,1617,86.72,1.02,0
2023-01-21,East US,VM,87,1270,222,2023-01,1579,107.38,1.02,1
2023-01-21,East US,Storage,86,1176,401,2023-01,1663,107.38,1.02,1
2023-01-21,East US,Container,59,582,344,2023-01,985,107.38,1.02,1
2023-01-21,West US,VM,70,1601,200,2023-01,1871,107.38,1.02,1
2023-01-21,West US,Storage,94,1216,459,2023-01,1769,107.38,1.02,1
2023-01-21,West US,Container,50,1380,487,2023-01,1917,107.38,1.02,1
2023-01-21,North Europe,VM,83,1871,294,2023-01,2248,107.38,1.02,1
2023-01-21,North Europe,Storage,57,653,449,2023-01,1159,107.38,1.02,1
2023-01-21,North Europe,Container,83,937,317,2023-01,1337,107.38,1.02,1
2023-01-21,Southeast Asia,VM,52,1829,467,2023-01,2348,107.38,1.02,1
2023-01-21,Southeast Asia,Storage,50,1577,435,2023-01,2062,107.38,1.02,1
2023-01-21,Southeast Asia,Container,54,1489,421,2023-01,1964,107.38,1.02,1
2023-01-22,East US,VM,66,1123,454,2023-01,1643,98.84,0.97,1
2023-01-22,East US,Storage,96,1418,406,2023-01,1920,98.84,0.97,1
2023-01-22,East US,Container,86,1352,265,2023-01,1703,98.84,0.97,1
2023-01-22,West US,VM,60,934,302,2023-01,1296,98.84,0.97,1
2023-01-22,West US,Storage,87,1263,425,2023-01,1775,98.84,0.97,1
2023-01-22,West US,Container,87,1829,297,2023-01,2213,98.84,0.97,1
2023-01-22,North Europe,VM,67,1297,448,2023-01,1812,98.84,0.97,1
2023-01-22,North Europe,Storage,87,1483,229,2023-01,1799,98.84,0.97,1
2023-01-22,North Europe,Container,91,580,332,2023-01,1003,98.84,0.97,1
2023-01-22,Southeast Asia,VM,78,1399,337,2023-01,1814,98.84,0.97,1
2023-01-22,Southeast Asia,Storage,66,1853,472,2023-01,2391,98.84,0.97,1
2023-01-22,Southeast Asia,Container,69,1483,268,2023-01,1820,98.84,0.97,1
2023-01-23,East US,VM,83,552,404,2023-01,1039,85.21,0.93,0
2023-01-23,East US,Storage,92,542,439,2023-01,1073,85.21,0.93,0
2023-01-23,East US,Container,60,610,448,2023-01,1118,85.21,0.93,0
2023-01-23,West US,VM,72,1706,294,2023-01,2072,85.21,0.93,0
2023-01-23,West US,Storage,60,1897,207,2023-01,2164,85.21,0.93,0
2023-01-23,West US,Container,53,859,383,2023-01,1295,85.21,0.93,0
2023-01-23,North Europe,VM,74,1718,394,2023-01,2186,85.21,0.93,0
2023-01-23,North Europe,Storage,76,592,359,2023-01,1027,85.21,0.93,0
2023-01-23,North Europe,Container,99,560,321,2023-01,980,85.21,0.93,0
2023-01-23,Southeast Asia,VM,68,1528,291,2023-01,1887,85.21,0.93,0
2023-01-23,Southeast Asia,Storage,91,1033,200,2023-01,1324,85.21,0.93,0
2023-01-23,Southeast Asia,Container,54,732,211,2023-01,997,85.21,0.93,0
2023-01-24,East US,VM,75,1569,233,2023-01,1877,95.39,1.11,0
2023-01-24,East US,Storage,98,1601,417,2023-01,2116,95.39,1.11,0
2023-01-24,East US,Container,94,1596,481,2023-01,2171,95.39,1.11,0
2023-01-24,West US,VM,96,1644,413,2023-01,2153,95.39,1.11,0
2023-01-24,West US,Storage,96,1579,306,2023-01,1981,95.39,1.11,0
2023-01-24,West US,Container,97,836,225,2023-01,1158,95.39,1.11,0
2023-01-24,North Europe,VM,85,1780,207,2023-01,2072,95.39,1.11,0
2023-01-24,North Europe,Storage,98,1776,379,2023-01,2253,95.39,1.11,0
2023-01-24,North Europe,Container,64,802,326,2023-01,1192,95.39,1.11,0
2023-01-24,Southeast Asia,VM,71,1025,227,2023-01,1323,95.39,1.11,0
2023-01-24,Southeast Asia,Storage,72,577,415,2023-01,1064,95.39,1.11,0
2023-01-24,Southeast Asia,Container,51,864,353,2023-01,1268,95.39,1.11,0
2023-01-25,East US,VM,63,1198,206,2023-01,1467,103.44,0.82,0
2023-01-25,East US,Storage,52,1418,437,2023-01,1907,103.44,0.82,0
2023-01-25,East US,Container,92,1797,493,2023-01,2382,103.44,0.82,0
2023-01-25,West US,VM,84,1538,391,2023-01,2013,103.44,0.82,0
2023-01-25,West US,Storage,74,984,227,2023-01,1285,103.44,0.82,0
2023-01-25,West US,Container,59,1562,472,2023-01,2093,103.44,0.82,0
2023-01-25,North Europe,VM,88,585,325,2023-01,998,103.44,0.82,0
2023-01-25,North Europe,Storage,93,1036,344,2023-01,1473,103.44,0.82,0
2023-01-25,North Europe,Container,62,1735,224,2023-01,2021,103.44,0.82,0
2023-01-25,Southeast Asia,VM,53,1917,266,2023-01,2236,103.44,0.82,0
2023-01-25,Southeast Asia,Storage,90,608,345,2023-01,1043,103.44,0.82,0
2023-01-25,Southeast Asia,Container,96,727,310,2023-01,1133,103.44,0.82,0
2023-01-26,East US,VM,71,533,310,2023-01,914,103.24,0.96,0
2023-01-26,East US,Storage,57,1892,435,2023-01,2384,103.24,0.96,0
2023-01-26,East US,Container,68,924,300,2023-01,1292,103.24,0.96,0
2023-01-26,West US,VM,55,1191,481,2023-01,1727,103.24,0.96,0
2023-01-26,West US,Storage,83,1966,428,2023-01,2477,103.24,0.96,0
2023-01-26,West US,Container,82,1960,349,2023-01,2391,103.24,0.96,0
2023-01-26,North Europe,VM,70,1123,203,2023-01,1396,103.24,0.96,0
2023-01-26,North Europe,Storage,79,1342,294,2023-01,1715,103.24,0.96,0
2023-01-26,North Europe,Container,73,1322,336,2023-01,1731,103.24,0.96,0
2023-01-26,Southeast Asia,VM,52,742,230,2023-01,1024,103.24,0.96,0
2023-01-26,Southeast Asia,Storage,89,728,235,2023-01,1052,103.24,0.96,0
2023-01-26,Southeast Asia,Container,73,1746,205,2023-01,2024,103.24,0.96,0
2023-01-27,East US,VM,51,967,419,2023-01,1437,93.23,1.06,0
2023-01-27,East US,Storage,60,503,333,2023-01,896,93.23,1.06,0
2023-01-27,East US,Container,98,1003,261,2023-01,1362,93.23,1.06,0
2023-01-27,West US,VM,51,1346,402,2023-01,1799,93.23,1.06,0
2023-01-27,West US,Storage,57,1549,372,2023-01,1978,93.23,1.06,0
2023-01-27,West US,Container,93,825,317,2023-01,1235,93.23,1.06,0
2023-01-27,North Europe,VM,53,1223,424,2023-01,1700,93.23,1.06,0
2023-01-27,North Europe,Storage,69,612,339,2023-01,1020,93.23,1.06,0
2023-01-27,North Europe,Container,96,500,289,2023-01,885,93.23,1.06,0
2023-01-27,Southeast Asia,VM,63,819,237,2023-01,1119,93.23,1.06,0
2023-01-27,Southeast Asia,Storage,86,638,458,2023-01,1182,93.23,1.06,0
2023-01-27,Southeast Asia,Container,82,1401,377,2023-01,1860,93.23,1.06,0
2023-01-28,East US,VM,59,760,337,2023-01,1156,110.31,1.09,1
2023-01-28,East US,Storage,93,1397,212,2023-01,1702,110.31,1.09,1
2023-01-28,East US,Container,89,820,300,2023-01,1209,110.31,1.09,1
2023-01-28,West US,VM,58,1284,464,2023-01,1806,110.31,1.09,1
2023-01-28,West US,Storage,60,1410,237,2023-01,1707,110.31,1.09,1
2023-01-28,West US,Container,84,1618,268,2023-01,1970,110.31,1.09,1
2023-01-28,North Europe,VM,93,833,336,2023-01,1262,110.31,1.09,1
2023-01-28,North Europe,Storage,83,1087,234,2023-01,1404,110.31,1.09,1
2023-01-28,North Europe,Container,50,1819,259,2023-01,2128,110.31,1.09,1
2023-01-28,Southeast Asia,VM,78,1372,428,2023-01,1878,110.31,1.09,1
2023-01-28,Southeast Asia,Storage,63,1297,490,2023-01,1850,110.31,1.09,1
2023-01-28,Southeast Asia,Container,70,1688,204,2023-01,1962,110.31,1.09,1
2023-01-29,East US,VM,68,1902,277,2023-01,2247,91.61,0.97,1
2023-01-29,East US,Storage,75,1073,331,2023-01,1479,91.61,0.97,1
2023-01-29,East US,Container,74,1565,288,2023-01,1927,91.61,0.97,1
2023-01-29,West US,VM,67,795,494,2023-01,1356,91.61,0.97,1
2023-01-29,West US,Storage,89,1299,378,2023-01,1766,91.61,0.97,1
2023-01-29,West US,Container,87,1546,262,2023-01,1895,91.61,0.97,1
2023-01-29,North Europe,VM,64,1492,352,2023-01,1908,91.61,0.97,1
2023-01-29,North Europe,Storage,66,1748,303,2023-01,2117,91.61,0.97,1
2023-01-29,North Europe,Container,89,1562,397,2023-01,2048,91.61,0.97,1
2023-01-29,Southeast Asia,VM,55,1078,378,2023-01,1511,91.61,0.97,1
2023-01-29,Southeast Asia,Storage,57,1053,214,2023-01,1324,91.61,0.97,1
2023-01-29,Southeast Asia,Container,96,1812,430,2023-01,2338,91.61,0.97,1
2023-01-30,East US,VM,76,919,356,2023-01,1351,103.31,1.1,0
2023-01-30,East US,Storage,87,1964,296,2023-01,2347,103.31,1.1,0
2023-01-30,East US,Container,86,1934,488,2023-01,2508,103.31,1.1,0
2023-01-30,West US,VM,53,1097,209,2023-01,1359,103.31,1.1,0
2023-01-30,West US,Storage,54,1364,317,2023-01,1735,103.31,1.1,0
2023-01-30,West US,Container,87,1682,427,2023-01,2196,103.31,1.1,0
2023-01-30,North Europe,VM,94,715,383,2023-01,1192,103.31,1.1,0
2023-01-30,North Europe,Storage,64,1680,335,2023-01,2079,103.31,1.1,0
2023-01-30,North Europe,Container,54,1680,246,2023-01,1980,103.31,1.1,0
2023-01-30,Southeast Asia,VM,53,1343,372,2023-01,1768,103.31,1.1,0
2023-01-30,Southeast Asia,Storage,51,1934,294,2023-01,2279,103.31,1.1,0
2023-01-30,Southeast Asia,Container,85,1815,481,2023-01,2381,103.31,1.1,0
2023-01-31,East US,VM,92,1806,268,2023-01,2166,95.21,0.98,0
2023-01-31,East US,Storage,69,510,453,2023-01,1032,95.21,0.98,0
2023-01-31,East US,Container,59,1371,237,2023-01,1667,95.21,0.98,0
2023-01-31,West US,VM,55,1211,222,2023-01,1488,95.21,0.98,0
2023-01-31,West US,Storage,96,845,417,2023-01,1358,95.21,0.98,0
2023-01-31,West US,Container,62,1457,409,2023-01,1928,95.21,0.98,0
2023-01-31,North Europe,VM,74,1492,310,2023-01,1876,95.21,0.98,0
2023-01-31,North Europe,Storage,89,1327,370,2023-01,1786,95.21,0.98,0
2023-01-31,North Europe,Container,61,1503,332,2023-01,1896,95.21,0.98,0
2023-01-31,Southeast Asia,VM,86,626,305,2023-01,1017,95.21,0.98,0
2023-01-31,Southeast Asia,Storage,98,1103,486,2023-01,1687,95.21,0.98,0
2023-01-31,Southeast Asia,Container,58,1513,250,2023-01,1821,95.21,0.98,0
2023-02-01,East US,VM,78,1985,495,2023-02,2558,88.94,0.88,0
2023-02-01,East US,Storage,90,1278,456,2023-02,1824,88.94,0.88,0
2023-02-01,East US,Container,95,1928,309,2023-02,2332,88.94,0.88,0
2023-02-01,West US,VM,85,1705,200,2023-02,1990,88.94,0.88,0
2023-02-01,West US,Storage,89,1160,336,2023-02,1585,88.94,0.88,0
2023-02-01,West US,Container,59,1959,316,2023-02,2334,88.94,0.88,0
2023-02-01,North Europe,VM,75,1436,490,2023-02,2001,88.94,0.88,0
2023-02-01,North Europe,Storage,74,574,493,2023-02,1141,88.94,0.88,0
2023-02-01,North Europe,Container,51,1733,216,2023-02,2000,88.94,0.88,0
2023-02-01,Southeast Asia,VM,92,1454,450,2023-02,1996,88.94,0.88,0
2023-02-01,Southeast Asia,Storage,73,524,379,2023-02,976,88.94,0.88,0
2023-02-01,Southeast Asia,Container,55,1684,376,2023-02,2115,88.94,0.88,0
2023-02-02,East US,VM,78,562,349,2023-02,989,108.13,1.14,0
2023-02-02,East US,Storage,75,655,248,2023-02,978,108.13,1.14,0
2023-02-02,East US,Container,56,1348,283,2023-02,1687,108.13,1.14,0
2023-02-02,West US,VM,90,1188,347,2023-02,1625,108.13,1.14,0
2023-02-02,West US,Storage,71,975,262,2023-02,1308,108.13,1.14,0
2023-02-02,West US,Container,89,1060,456,2023-02,1605,108.13,1.14,0
2023-02-02,North Europe,VM,81,1664,414,2023-02,2159,108.13,1.14,0
2023-02-02,North Europe,Storage,68,1841,231,2023-02,2140,108.13,1.14,0
2023-02-02,North Europe,Container,79,784,485,2023-02,1348,108.13,1.14,0
2023-02-02,Southeast Asia,VM,65,1947,218,2023-02,2230,108.13,1.14,0
2023-02-02,Southeast Asia,Storage,67,1268,277,2023-02,1612,108.13,1.14,0
2023-02-02,Southeast Asia,Container,96,1509,393,2023-02,1998,108.13,1.14,0
2023-02-03,East US,VM,77,1636,313,2023-02,2026,99.28,1.1,0
2023-02-03,East US,Storage,79,1446,331,2023-02,1856,99.28,1.1,0
2023-02-03,East US,Container,50,1787,254,2023-02,2091,99.28,1.1,0
2023-02-03,West US,VM,88,1299,465,2023-02,1852,99.28,1.1,0
2023-02-03,West US,Storage,59,661,286,2023-02,1006,99.28,1.1,0
2023-02-03,West US,Container,77,1701,207,2023-02,1985,99.28,1.1,0
2023-02-03,North Europe,VM,50,812,446,2023-02,1308,99.28,1.1,0
2023-02-03,North Europe,Storage,52,942,454,2023-02,1448,99.28,1.1,0
2023-02-03,North Europe,Container,57,1577,448,2023-02,2082,99.28,1.1,0
2023-02-03,Southeast Asia,VM,96,1752,266,2023-02,2114,99.28,1.1,0
2023-02-03,Southeast Asia,Storage,82,1506,463,2023-02,2051,99.28,1.1,0
2023-02-03,Southeast Asia,Container,83,595,287,2023-02,965,99.28,1.1,0
2023-02-04,East US,VM,63,1811,319,2023-02,2193,103.62,0.94,1
2023-02-04,East US,Storage,95,990,364,2023-02,1449,103.62,0.94,1
2023-02-04,East US,Container,70,1409,422,2023-02,1901,103.62,0.94,1
2023-02-04,West US,VM,97,506,462,2023-02,1065,103.62,0.94,1
2023-02-04,West US,Storage,82,650,284,2023-02,1016,103.62,0.94,1
2023-02-04,West US,Container,68,1904,235,2023-02,2207,103.62,0.94,1
2023-02-04,North Europe,VM,78,1199,281,2023-02,1558,103.62,0.94,1
2023-02-04,North Europe,Storage,51,1314,396,2023-02,1761,103.62,0.94,1
2023-02-04,North Europe,Container,69,1245,394,2023-02,1708,103.62,0.94,1
2023-02-04,Southeast Asia,VM,72,1642,219,2023-02,1933,103.62,0.94,1
2023-02-04,Southeast Asia,Storage,54,1304,455,2023-02,1813,103.62,0.94,1
2023-02-04,Southeast Asia,Container,79,1404,425,2023-02,1908,103.62,0.94,1
2023-02-05,East US,VM,93,1353,479,2023-02,1925,103.61,1.15,1
2023-02-05,East US,Storage,66,1213,357,2023-02,1636,103.61,1.15,1
2023-02-05,East US,Container,95,627,423,2023-02,1145,103.61,1.15,1
2023-02-05,West US,VM,66,1638,408,2023-02,2112,103.61,1.15,1
2023-02-05,West US,Storage,63,1020,239,2023-02,1322,103.61,1.15,1
2023-02-05,West US,Container,51,736,480,2023-02,1267,103.61,1.15,1
2023-02-05,North Europe,VM,88,1724,445,2023-02,2257,103.61,1.15,1
2023-02-05,North Europe,Storage,71,1758,203,2023-02,2032,103.61,1.15,1
2023-02-05,North Europe,Container,75,941,228,2023-02,1244,103.61,1.15,1
2023-02-05,Southeast Asia,VM,94,1109,414,2023-02,1617,103.61,1.15,1
2023-02-05,Southeast Asia,Storage,86,574,345,2023-02,1005,103.61,1.15,1
2023-02-05,Southeast Asia,Container,70,541,240,2023-02,851,103.61,1.15,1
2023-02-06,East US,VM,87,533,216,2023-02,836,99.64,1.16,0
2023-02-06,East US,Storage,86,1676,275,2023-02,2037,99.64,1.16,0
2023-02-06,East US,Container,72,841,226,2023-02,1139,99.64,1.16,0
2023-02-06,West US,VM,80,1145,418,2023-02,1643,99.64,1.16,0
2023-02-06,West US,Storage,89,1109,467,2023-02,1665,99.64,1.16,0
2023-02-06,West US,Container,94,1320,372,2023-02,1786,99.64,1.16,0
2023-02-06,North Europe,VM,66,1421,389,2023-02,1876,99.64,1.16,0
2023-02-06,North Europe,Storage,95,629,392,2023-02,1116,99.64,1.16,0
2023-02-06,North Europe,Container,85,1894,481,2023-02,2460,99.64,1.16,0
2023-02-06,Southeast Asia,VM,78,648,466,2023-02,1192,99.64,1.16,0
2023-02-06,Southeast Asia,Storage,89,510,363,2023-02,962,99.64,1.16,0
2023-02-06,Southeast Asia,Container,98,686,494,2023-02,1278,99.64,1.16,0
2023-02-07,East US,VM,89,1750,297,2023-02,2136,73.8,1.08,0
2023-02-07,East US,Storage,96,1163,445,2023-02,1704,73.8,1.08,0
2023-02-07,East US,Container,71,568,488,2023-02,1127,73.8,1.08,0
2023-02-07,West US,VM,85,1250,347,2023-02,1682,73.8,1.08,0
2023-02-07,West US,Storage,68,1767,400,2023-02,2235,73.8,1.08,0
2023-02-07,West US,Container,75,1973,272,2023-02,2320,73.8,1.08,0
2023-02-07,North Europe,VM,58,795,216,2023-02,1069,73.8,1.08,0
2023-02-07,North Europe,Storage,50,1740,260,2023-02,2050,73.8,1.08,0
2023-02-07,North Europe,Container,92,541,224,2023-02,857,73.8,1.08,0
2023-02-07,Southeast Asia,VM,88,630,428,2023-02,1146,73.8,1.08,0
2023-02-07,Southeast Asia,Storage,93,671,301,2023-02,1065,73.8,1.08,0
2023-02-07,Southeast Asia,Container,83,1023,474,2023-02,1580,73.8,1.08,0
2023-02-08,East US,VM,86,1567,216,2023-02,1869,100.87,0.97,0
2023-02-08,East US,Storage,59,511,279,2023-02,849,100.87,0.97,0
2023-02-08,East US,Container,73,838,463,2023-02,1374,100.87,0.97,0
2023-02-08,West US,VM,80,1160,280,2023-02,1520,100.87,0.97,0
2023-02-08,West US,Storage,72,873,397,2023-02,1342,100.87,0.97,0
2023-02-08,West US,Container,57,965,288,2023-02,1310,100.87,0.97,0
2023-02-08,North Europe,VM,61,988,225,2023-02,1274,100.87,0.97,0
2023-02-08,North Europe,Storage,96,1811,465,2023-02,2372,100.87,0.97,0
2023-02-08,North Europe,Container,65,1210,481,2023-02,1756,100.87,0.97,0
2023-02-08,Southeast Asia,VM,70,1609,449,2023-02,2128,100.87,0.97,0
2023-02-08,Southeast Asia,Storage,56,834,316,2023-02,1206,100.87,0.97,0
2023-02-08,Southeast Asia,Container,56,636,375,2023-02,1067,100.87,0.97,0
2023-02-09,East US,VM,57,1326,414,2023-02,1797,100.92,0.8,0
2023-02-09,East US,Storage,78,1093,422,2023-02,1593,100.92,0.8,0
2023-02-09,East US,Container,79,871,302,2023-02,1252,100.92,0.8,0
2023-02-09,West US,VM,66,1682,351,2023-02,2099,100.92,0.8,0
2023-02-09,West US,Storage,84,1119,387,2023-02,1590,100.92,0.8,0
2023-02-09,West US,Container,94,1621,330,2023-02,2045,100.92,0.8,0
2023-02-09,North Europe,VM,86,1694,382,2023-02,2162,100.92,0.8,0
2023-02-09,North Europe,Storage,72,863,238,2023-02,1173,100.92,0.8,0
2023-02-09,North Europe,Container,64,996,203,2023-02,1263,100.92,0.8,0
2023-02-09,Southeast Asia,VM,78,1481,409,2023-02,1968,100.92,0.8,0
2023-02-09,Southeast Asia,Storage,82,515,307,2023-02,904,100.92,0.8,0
2023-02-09,Southeast Asia,Container,51,810,426,2023-02,1287,100.92,0.8,0
2023-02-10,East US,VM,91,1045,450,2023-02,1586,97.8,1.04,0
2023-02-10,East US,Storage,62,1664,473,2023-02,2199,97.8,1.04,0
2023-02-10,East US,Container,81,1562,228,2023-02,1871,97.8,1.04,0
2023-02-10,West US,VM,98,976,444,2023-02,1518,97.8,1.04,0
2023-02-10,West US,Storage,93,1196,471,2023-02,1760,97.8,1.04,0
2023-02-10,West US,Container,93,1762,465,2023-02,2320,97.8,1.04,0
2023-02-10,North Europe,VM,79,1420,264,2023-02,1763,97.8,1.04,0
2023-02-10,North Europe,Storage,79,502,341,2023-02,922,97.8,1.04,0
2023-02-10,North Europe,Container,79,823,345,2023-02,1247,97.8,1.04,0
2023-02-10,Southeast Asia,VM,86,931,392,2023-02,1409,97.8,1.04,0
2023-02-10,Southeast Asia,Storage,95,1084,339,2023-02,1518,97.8,1.04,0
2023-02-10,Southeast Asia,Container,86,560,397,2023-02,1043,97.8,1.04,0
2023-02-11,East US,VM,88,1963,210,2023-02,2261,114.78,0.95,1
2023-02-11,East US,Storage,62,725,352,2023-02,1139,114.78,0.95,1
2023-02-11,East US,Container,56,1063,459,2023-02,1578,114.78,0.95,1
2023-02-11,West US,VM,57,1833,442,2023-02,2332,114.78,0.95,1
2023-02-11,West US,Storage,94,1889,306,2023-02,2289,114.78,0.95,1
2023-02-11,West US,Container,83,1324,417,2023-02,1824,114.78,0.95,1
2023-02-11,North Europe,VM,90,1252,458,2023-02,1800,114.78,0.95,1
2023-02-11,North Europe,Storage,55,553,246,2023-02,854,114.78,0.95,1
2023-02-11,North Europe,Container,72,1188,208,2023-02,1468,114.78,0.95,1
2023-02-11,Southeast Asia,VM,84,1543,440,2023-02,2067,114.78,0.95,1
2023-02-11,Southeast Asia,Storage,91,918,377,2023-02,1386,114.78,0.95,1
2023-02-11,Southeast Asia,Container,67,561,344,2023-02,972,114.78,0.95,1
2023-02-12,East US,VM,73,502,359,2023-02,934,91.92,0.95,1
2023-02-12,East US,Storage,84,1280,319,2023-02,1683,91.92,0.95,1
2023-02-12,East US,Container,96,1612,267,2023-02,1975,91.92,0.95,1
2023-02-12,West US,VM,63,1880,297,2023-02,2240,91.92,0.95,1
2023-02-12,West US,Storage,60,1451,322,2023-02,1833,91.92,0.95,1
2023-02-12,West US,Container,77,1718,425,2023-02,2220,91.92,0.95,1
2023-02-12,North Europe,VM,61,669,208,2023-02,938,91.92,0.95,1
2023-02-12,North Europe,Storage,64,539,224,2023-02,827,91.92,0.95,1
2023-02-12,North Europe,Container,54,1918,425,2023-02,2397,91.92,0.95,1
2023-02-12,Southeast Asia,VM,73,1647,237,2023-02,1957,91.92,0.95,1
2023-02-12,Southeast Asia,Storage,57,1774,375,2023-02,2206,91.92,0.95,1
2023-02-12,Southeast Asia,Container,75,1413,236,2023-02,1724,91.92,0.95,1
2023-02-13,East US,VM,97,1472,483,2023-02,2052,109.15,1.03,0
2023-02-13,East US,Storage,54,1472,280,2023-02,1806,109.15,1.03,0
2023-02-13,East US,Container,99,1563,423,2023-02,2085,109.15,1.03,0
2023-02-13,West US,VM,78,614,385,2023-02,1077,109.15,1.03,0
2023-02-13,West US,Storage,52,1563,239,2023-02,1854,109.15,1.03,0
2023-02-13,West US,Container,76,1812,461,2023-02,2349,109.15,1.03,0
2023-02-13,North Europe,VM,73,1670,367,2023-02,2110,109.15,1.03,0
2023-02-13,North Europe,Storage,77,852,258,2023-02,1187,109.15,1.03,0
2023-02-13,North Europe,Container,97,1280,244,2023-02,1621,109.15,1.03,0
2023-02-13,Southeast Asia,VM,74,1693,390,2023-02,2157,109.15,1.03,0
2023-02-13,Southeast Asia,Storage,76,921,387,2023-02,1384,109.15,1.03,0
2023-02-13,Southeast Asia,Container,56,632,434,2023-02,1122,109.15,1.03,0
2023-02-14,East US,VM,94,1325,448,2023-02,1867,94.7,1.05,0
2023-02-14,East US,Storage,80,1034,359,2023-02,1473,94.7,1.05,0
2023-02-14,East US,Container,92,1960,357,2023-02,2409,94.7,1.05,0
2023-02-14,West US,VM,88,581,457,2023-02,1126,94.7,1.05,0
2023-02-14,West US,Storage,63,1088,211,2023-02,1362,94.7,1.05,0
2023-02-14,West US,Container,88,1747,212,2023-02,2047,94.7,1.05,0
2023-02-14,North Europe,VM,95,1636,432,2023-02,2163,94.7,1.05,0
2023-02-14,North Europe,Storage,66,859,422,2023-02,1347,94.7,1.05,0
2023-02-14,North Europe,Container,83,1199,362,2023-02,1644,94.7,1.05,0
2023-02-14,Southeast Asia,VM,97,1849,273,2023-02,2219,94.7,1.05,0
2023-02-14,Southeast Asia,Storage,90,1747,259,2023-02,2096,94.7,1.05,0
2023-02-14,Southeast Asia,Container,64,1745,236,2023-02,2045,94.7,1.05,0
2023-02-15,East US,VM,78,777,395,2023-02,1250,100.97,1.1,0
2023-02-15,East US,Storage,69,983,441,2023-02,1493,100.97,1.1,0
2023-02-15,East US,Container,53,1230,391,2023-02,1674,100.97,1.1,0
2023-02-15,West US,VM,66,1023,392,2023-02,1481,100.97,1.1,0
2023-02-15,West US,Storage,71,973,319,2023-02,1363,100.97,1.1,0
2023-02-15,West US,Container,67,805,469,2023-02,1341,100.97,1.1,0
2023-02-15,North Europe,VM,96,784,403,2023-02,1283,100.97,1.1,0
2023-02-15,North Europe,Storage,85,1262,426,2023-02,1773,100.97,1.1,0
2023-02-15,North Europe,Container,61,1530,228,2023-02,1819,100.97,1.1,0
2023-02-15,Southeast Asia,VM,60,1556,333,2023-02,1949,100.97,1.1,0
2023-02-15,Southeast Asia,Storage,96,578,257,2023-02,931,100.97,1.1,0
2023-02-15,Southeast Asia,Container,72,1953,425,2023-02,2450,100.97,1.1,0
2023-02-16,East US,VM,78,1015,298,2023-02,1391,92.98,0.97,0
2023-02-16,East US,Storage,62,538,470,2023-02,1070,92.98,0.97,0
2023-02-16,East US,Container,78,656,274,2023-02,1008,92.98,0.97,0
2023-02-16,West US,VM,81,1653,374,2023-02,2108,92.98,0.97,0
2023-02-16,West US,Storage,63,1607,221,2023-02,1891,92.98,0.97,0
2023-02-16,West US,Container,60,1348,435,2023-02,1843,92.98,0.97,0
2023-02-16,North Europe,VM,77,1488,220,2023-02,1785,92.98,0.97,0
2023-02-16,North Europe,Storage,96,1368,283,2023-02,1747,92.98,0.97,0
2023-02-16,North Europe,Container,55,1976,456,2023-02,2487,92.98,0.97,0
2023-02-16,Southeast Asia,VM,87,1685,362,2023-02,2134,92.98,0.97,0
2023-02-16,Southeast Asia,Storage,98,1292,479,2023-02,1869,92.98,0.97,0
2023-02-16,Southeast Asia,Container,61,1794,407,2023-02,2262,92.98,0.97,0
2023-02-17,East US,VM,76,1583,344,2023-02,2003,96.08,0.85,0
2023-02-17,East US,Storage,78,1832,207,2023-02,2117,96.08,0.85,0
2023-02-17,East US,Container,64,1550,373,2023-02,1987,96.08,0.85,0
2023-02-17,West US,VM,99,698,380,2023-02,1177,96.08,0.85,0
2023-02-17,West US,Storage,73,877,245,2023-02,1195,96.08,0.85,0
2023-02-17,West US,Container,64,1676,421,2023-02,2161,96.08,0.85,0
2023-02-17,North Europe,VM,63,954,472,2023-02,1489,96.08,0.85,0
2023-02-17,North Europe,Storage,93,1020,365,2023-02,1478,96.08,0.85,0
2023-02-17,North Europe,Container,97,1516,413,2023-02,2026,96.08,0.85,0
2023-02-17,Southeast Asia,VM,51,1867,271,2023-02,2189,96.08,0.85,0
2023-02-17,Southeast Asia,Storage,60,1587,404,2023-02,2051,96.08,0.85,0
2023-02-17,Southeast Asia,Container,66,571,476,2023-02,1113,96.08,0.85,0
2023-02-18,East US,VM,67,1843,294,2023-02,2204,102.96,1.03,1
2023-02-18,East US,Storage,87,510,416,2023-02,1013,102.96,1.03,1
2023-02-18,East US,Container,82,601,466,2023-02,1149,102.96,1.03,1
2023-02-18,West US,VM,71,1611,240,2023-02,1922,102.96,1.03,1
2023-02-18,West US,Storage,66,1087,245,2023-02,1398,102.96,1.03,1
2023-02-18,West US,Container,81,1986,279,2023-02,2346,102.96,1.03,1
2023-02-18,North Europe,VM,71,591,347,2023-02,1009,102.96,1.03,1
2023-02-18,North Europe,Storage,82,1213,441,2023-02,1736,102.96,1.03,1
2023-02-18,North Europe,Container,82,501,424,2023-02,1007,102.96,1.03,1
2023-02-18,Southeast Asia,VM,82,1088,315,2023-02,1485,102.96,1.03,1
2023-02-18,Southeast Asia,Storage,75,1417,302,2023-02,1794,102.96,1.03,1
2023-02-18,Southeast Asia,Container,51,1689,289,2023-02,2029,102.96,1.03,1
2023-02-19,East US,VM,95,621,342,2023-02,1058,100.05,0.98,1
2023-02-19,East US,Storage,83,605,322,2023-02,1010,100.05,0.98,1
2023-02-19,East US,Container,55,508,461,2023-02,1024,100.05,0.98,1
2023-02-19,West US,VM,58,1882,422,2023-02,2362,100.05,0.98,1
2023-02-19,West US,Storage,81,1052,403,2023-02,1536,100.05,0.98,1
2023-02-19,West US,Container,57,1841,283,2023-02,2181,100.05,0.98,1
2023-02-19,North Europe,VM,96,750,206,2023-02,1052,100.05,0.98,1
2023-02-19,North Europe,Storage,60,1607,407,2023-02,2074,100.05,0.98,1
2023-02-19,North Europe,Container,53,1913,221,2023-02,2187,100.05,0.98,1
2023-02-19,Southeast Asia,VM,75,1394,202,2023-02,1671,100.05,0.98,1
2023-02-19,Southeast Asia,Storage,90,1373,213,2023-02,1676,100.05,0.98,1
2023-02-19,Southeast Asia,Container,60,1477,211,2023-02,1748,100.05,0.98,1
2023-02-20,East US,VM,72,1408,224,2023-02,1704,85.85,0.96,0
2023-02-20,East US,Storage,94,1766,321,2023-02,2181,85.85,0.96,0
2023-02-20,East US,Container,68,1249,372,2023-02,1689,85.85,0.96,0
2023-02-20,West US,VM,57,808,382,2023-02,1247,85.85,0.96,0
2023-02-20,West US,Storage,81,806,499,2023-02,1386,85.85,0.96,0
2023-02-20,West US,Container,67,1413,410,2023-02,1890,85.85,0.96,0
2023-02-20,North Europe,VM,71,1048,258,2023-02,1377,85.85,0.96,0
2023-02-20,North Europe,Storage,52,1423,401,2023-02,1876,85.85,0.96,0
2023-02-20,North Europe,Container,84,944,292,2023-02,1320,85.85,0.96,0
2023-02-20,Southeast Asia,VM,64,852,412,2023-02,1328,85.85,0.96,0
2023-02-20,Southeast Asia,Storage,80,1456,223,2023-02,1759,85.85,0.96,0
2023-02-20,Southeast Asia,Container,69,1304,203,2023-02,1576,85.85,0.96,0
2023-02-21,East US,VM,77,1887,219,2023-02,2183,96.57,0.92,0
2023-02-21,East US,Storage,73,1446,295,2023-02,1814,96.57,0.92,0
2023-02-21,East US,Container,90,919,449,2023-02,1458,96.57,0.92,0
2023-02-21,West US,VM,83,1077,461,2023-02,1621,96.57,0.92,0
2023-02-21,West US,Storage,88,1254,385,2023-02,1727,96.57,0.92,0
2023-02-21,West US,Container,61,1760,217,2023-02,2038,96.57,0.92,0
2023-02-21,North Europe,VM,89,520,424,2023-02,1033,96.57,0.92,0
2023-02-21,North Europe,Storage,84,1293,207,2023-02,1584,96.57,0.92,0
2023-02-21,North Europe,Container,85,1251,286,2023-02,1622,96.57,0.92,0
2023-02-21,Southeast Asia,VM,91,1439,213,2023-02,1743,96.57,0.92,0
2023-02-21,Southeast Asia,Storage,63,501,492,2023-02,1056,96.57,0.92,0
2023-02-21,Southeast Asia,Container,54,1504,240,2023-02,1798,96.57,0.92,0
2023-02-22,East US,VM,96,513,430,2023-02,1039,98.39,1.04,0
2023-02-22,East US,Storage,74,1607,329,2023-02,2010,98.39,1.04,0
2023-02-22,East US,Container,88,1337,344,2023-02,1769,98.39,1.04,0
2023-02-22,West US,VM,74,527,265,2023-02,866,98.39,1.04,0
2023-02-22,West US,Storage,84,1752,460,2023-02,2296,98.39,1.04,0
2023-02-22,West US,Container,50,1947,363,2023-02,2360,98.39,1.04,0
2023-02-22,North Europe,VM,94,1418,486,2023-02,1998,98.39,1.04,0
2023-02-22,North Europe,Storage,60,1533,394,2023-02,1987,98.39,1.04,0
2023-02-22,North Europe,Container,63,1091,292,2023-02,1446,98.39,1.04,0
2023-02-22,Southeast Asia,VM,59,1343,456,2023-02,1858,98.39,1.04,0
2023-02-22,Southeast Asia,Storage,54,1799,463,2023-02,2316,98.39,1.04,0
2023-02-22,Southeast Asia,Container,92,1471,200,2023-02,1763,98.39,1.04,0
2023-02-23,East US,VM,69,1807,320,2023-02,2196,118.86,1.02,0
2023-02-23,East US,Storage,92,1186,403,2023-02,1681,118.86,1.02,0
2023-02-23,East US,Container,86,804,319,2023-02,1209,118.86,1.02,0
2023-02-23,West US,VM,93,655,406,2023-02,1154,118.86,1.02,0
2023-02-23,West US,Storage,55,1119,450,2023-02,1624,118.86,1.02,0
2023-02-23,West US,Container,69,833,329,2023-02,1231,118.86,1.02,0
2023-02-23,North Europe,VM,58,1010,492,2023-02,1560,118.86,1.02,0
2023-02-23,North Europe,Storage,69,781,484,2023-02,1334,118.86,1.02,0
2023-02-23,North Europe,Container,50,618,234,2023-02,902,118.86,1.02,0
2023-02-23,Southeast Asia,VM,55,984,444,2023-02,1483,118.86,1.02,0
2023-02-23,Southeast Asia,Storage,54,1684,378,2023-02,2116,118.86,1.02,0
2023-02-23,Southeast Asia,Container,63,1535,475,2023-02,2073,118.86,1.02,0
2023-02-24,East US,VM,99,1739,450,2023-02,2288,102.58,0.99,0
2023-02-24,East US,Storage,92,625,416,2023-02,1133,102.58,0.99,0
2023-02-24,East US,Container,99,1708,238,2023-02,2045,102.58,0.99,0
2023-02-24,West US,VM,80,1707,377,2023-02,2164,102.58,0.99,0
2023-02-24,West US,Storage,72,1951,493,2023-02,2516,102.58,0.99,0
2023-02-24,West US,Container,69,650,325,2023-02,1044,102.58,0.99,0
2023-02-24,North Europe,VM,94,807,433,2023-02,1334,102.58,0.99,0
2023-02-24,North Europe,Storage,57,1864,328,2023-02,2249,102.58,0.99,0
2023-02-24,North Europe,Container,57,1168,204,2023-02,1429,102.58,0.99,0
2023-02-24,Southeast Asia,VM,96,585,374,2023-02,1055,102.58,0.99,0
2023-02-24,Southeast Asia,Storage,83,1716,318,2023-02,2117,102.58,0.99,0
2023-02-24,Southeast Asia,Container,75,926,313,2023-02,1314,102.58,0.99,0
2023-02-25,East US,VM,67,1668,225,2023-02,1960,80.81,1.0,1
2023-02-25,East US,Storage,57,802,431,2023-02,1290,80.81,1.0,1
2023-02-25,East US,Container,98,1087,488,2023-02,1673,80.81,1.0,1
2023-02-25,West US,VM,50,1670,486,2023-02,2206,80.81,1.0,1
2023-02-25,West US,Storage,65,1576,268,2023-02,1909,80.81,1.0,1
2023-02-25,West US,Container,90,1743,391,2023-02,2224,80.81,1.0,1
2023-02-25,North Europe,VM,55,1074,272,2023-02,1401,80.81,1.0,1
2023-02-25,North Europe,Storage,82,1612,375,2023-02,2069,80.81,1.0,1
2023-02-25,North Europe,Container,62,1084,444,2023-02,1590,80.81,1.0,1
2023-02-25,Southeast Asia,VM,62,1682,297,2023-02,2041,80.81,1.0,1
2023-02-25,Southeast Asia,Storage,87,993,331,2023-02,1411,80.81,1.0,1
2023-02-25,Southeast Asia,Container,87,518,281,2023-02,886,80.81,1.0,1
2023-02-26,East US,VM,62,1500,478,2023-02,2040,100.6,1.25,1
2023-02-26,East US,Storage,68,1888,328,2023-02,2284,100.6,1.25,1
2023-02-26,East US,Container,73,1321,288,2023-02,1682,100.6,1.25,1
2023-02-26,West US,VM,70,1588,275,2023-02,1933,100.6,1.25,1
2023-02-26,West US,Storage,56,642,292,2023-02,990,100.6,1.25,1
2023-02-26,West US,Container,74,1940,423,2023-02,2437,100.6,1.25,1
2023-02-26,North Europe,VM,98,790,301,2023-02,1189,100.6,1.25,1
2023-02-26,North Europe,Storage,75,1790,309,2023-02,2174,100.6,1.25,1
2023-02-26,North Europe,Container,63,1341,464,2023-02,1868,100.6,1.25,1
2023-02-26,Southeast Asia,VM,52,584,481,2023-02,1117,100.6,1.25,1
2023-02-26,Southeast Asia,Storage,57,1315,316,2023-02,1688,100.6,1.25,1
2023-02-26,Southeast Asia,Container,78,1677,352,2023-02,2107,100.6,1.25,1
2023-02-27,East US,VM,61,1656,492,2023-02,2209,98.08,1.03,0
2023-02-27,East US,Storage,64,1823,427,2023-02,2314,98.08,1.03,0
2023-02-27,East US,Container,64,542,220,2023-02,826,98.08,1.03,0
2023-02-27,West US,VM,72,1118,316,2023-02,1506,98.08,1.03,0
2023-02-27,West US,Storage,64,1292,491,2023-02,1847,98.08,1.03,0
2023-02-27,West US,Container,60,550,470,2023-02,1080,98.08,1.03,0
2023-02-27,North Europe,VM,53,1288,340,2023-02,1681,98.08,1.03,0
2023-02-27,North Europe,Storage,71,1286,489,2023-02,1846,98.08,1.03,0
2023-02-27,North Europe,Container,63,1463,251,2023-02,1777,98.08,1.03,0
2023-02-27,Southeast Asia,VM,95,1250,355,2023-02,1700,98.08,1.03,0
2023-02-27,Southeast Asia,Storage,84,1667,305,2023-02,2056,98.08,1.03,0
2023-02-27,Southeast Asia,Container,85,1169,345,2023-02,1599,98.08,1.03,0
2023-02-28,East US,VM,51,1088,331,2023-02,1470,99.65,0.88,0
2023-02-28,East US,Storage,75,1868,462,2023-02,2405,99.65,0.88,0
2023-02-28,East US,Container,80,1631,273,2023-02,1984,99.65,0.88,0
2023-02-28,West US,VM,88,1408,358,2023-02,1854,99.65,0.88,0
2023-02-28,West US,Storage,56,1458,440,2023-02,1954,99.65,0.88,0
2023-02-28,West US,Container,91,944,497,2023-02,1532,99.65,0.88,0
2023-02-28,North Europe,VM,85,1607,462,2023-02,2154,99.65,0.88,0
2023-02-28,North Europe,Storage,50,1695,372,2023-02,2117,99.65,0.88,0
2023-02-28,North Europe,Container,91,1058,340,2023-02,1489,99.65,0.88,0
2023-02-28,Southeast Asia,VM,71,1641,476,2023-02,2188,99.65,0.88,0
2023-02-28,Southeast Asia,Storage,71,1743,225,2023-02,2039,99.65,0.88,0
2023-02-28,Southeast Asia,Container,58,509,320,2023-02,887,99.65,0.88,0
2023-03-01,East US,VM,91,1083,351,2023-03,1525,111.43,1.08,0
2023-03-01,East US,Storage,65,1572,353,2023-03,1990,111.43,1.08,0
2023-03-01,East US,Container,76,1816,267,2023-03,2159,111.43,1.08,0
2023-03-01,West US,VM,99,1163,218,2023-03,1480,111.43,1.08,0
2023-03-01,West US,Storage,85,1583,366,2023-03,2034,111.43,1.08,0
2023-03-01,West US,Container,59,1356,345,2023-03,1760,111.43,1.08,0
2023-03-01,North Europe,VM,68,1492,441,2023-03,2001,111.43,1.08,0
2023-03-01,North Europe,Storage,54,1186,248,2023-03,1488,111.43,1.08,0
2023-03-01,North Europe,Container,84,1631,425,2023-03,2140,111.43,1.08,0
2023-03-01,Southeast Asia,VM,82,1130,348,2023-03,1560,111.43,1.08,0
2023-03-01,Southeast Asia,Storage,66,1161,492,2023-03,1719,111.43,1.08,0
2023-03-01,Southeast Asia,Container,64,918,359,2023-03,1341,111.43,1.08,0
2023-03-02,East US,VM,60,1149,277,2023-03,1486,107.91,0.91,0
2023-03-02,East US,Storage,62,1008,453,2023-03,1523,107.91,0.91,0
2023-03-02,East US,Container,74,1269,490,2023-03,1833,107.91,0.91,0
2023-03-02,West US,VM,56,1897,324,2023-03,2277,107.91,0.91,0
2023-03-02,West US,Storage,88,958,479,2023-03,1525,107.91,0.91,0
2023-03-02,West US,Container,95,1741,301,2023-03,2137,107.91,0.91,0
2023-03-02,North Europe,VM,91,787,366,2023-03,1244,107.91,0.91,0
2023-03-02,North Europe,Storage,94,1505,235,2023-03,1834,107.91,0.91,0
2023-03-02,North Europe,Container,89,852,363,2023-03,1304,107.91,0.91,0
2023-03-02,Southeast Asia,VM,52,572,335,2023-03,959,107.91,0.91,0
2023-03-02,Southeast Asia,Storage,82,1593,395,2023-03,2070,107.91,0.91,0
2023-03-02,Southeast Asia,Container,62,1060,329,2023-03,1451,107.91,0.91,0
2023-03-03,East US,VM,54,927,226,2023-03,1207,114.03,0.86,0
2023-03-03,East US,Storage,81,648,463,2023-03,1192,114.03,0.86,0
2023-03-03,East US,Container,87,566,499,2023-03,1152,114.03,0.86,0
2023-03-03,West US,VM,52,841,329,2023-03,1222,114.03,0.86,0
2023-03-03,West US,Storage,72,1695,457,2023-03,2224,114.03,0.86,0
2023-03-03,West US,Container,87,1732,490,2023-03,2309,114.03,0.86,0
2023-03-03,North Europe,VM,83,1994,485,2023-03,2562,114.03,0.86,0
2023-03-03,North Europe,Storage,57,1161,499,2023-03,1717,114.03,0.86,0
2023-03-03,North Europe,Container,85,952,486,2023-03,1523,114.03,0.86,0
2023-03-03,Southeast Asia,VM,96,1516,407,2023-03,2019,114.03,0.86,0
2023-03-03,Southeast Asia,Storage,91,945,357,2023-03,1393,114.03,0.86,0
2023-03-03,Southeast Asia,Container,65,1535,344,2023-03,1944,114.03,0.86,0
2023-03-04,East US,VM,65,1479,202,2023-03,1746,105.87,1.22,1
2023-03-04,East US,Storage,65,736,478,2023-03,1279,105.87,1.22,1
2023-03-04,East US,Container,77,1126,303,2023-03,1506,105.87,1.22,1
2023-03-04,West US,VM,54,1771,320,2023-03,2145,105.87,1.22,1
2023-03-04,West US,Storage,79,648,283,2023-03,1010,105.87,1.22,1
2023-03-04,West US,Container,55,905,430,2023-03,1390,105.87,1.22,1
2023-03-04,North Europe,VM,81,1684,471,2023-03,2236,105.87,1.22,1
2023-03-04,North Europe,Storage,61,1237,341,2023-03,1639,105.87,1.22,1
2023-03-04,North Europe,Container,85,980,350,2023-03,1415,105.87,1.22,1
2023-03-04,Southeast Asia,VM,99,1248,265,2023-03,1612,105.87,1.22,1
2023-03-04,Southeast Asia,Storage,90,840,457,2023-03,1387,105.87,1.22,1
2023-03-04,Southeast Asia,Container,76,1260,379,2023-03,1715,105.87,1.22,1
2023-03-05,East US,VM,72,1719,461,2023-03,2252,90.09,0.94,1
2023-03-05,East US,Storage,84,905,342,2023-03,1331,90.09,0.94,1
2023-03-05,East US,Container,71,1839,300,2023-03,2210,90.09,0.94,1
2023-03-05,West US,VM,91,511,438,2023-03,1040,90.09,0.94,1
2023-03-05,West US,Storage,98,541,365,2023-03,1004,90.09,0.94,1
2023-03-05,West US,Container,67,1952,490,2023-03,2509,90.09,0.94,1
2023-03-05,North Europe,VM,79,1739,357,2023-03,2175,90.09,0.94,1
2023-03-05,North Europe,Storage,63,633,266,2023-03,962,90.09,0.94,1
2023-03-05,North Europe,Container,65,1530,213,2023-03,1808,90.09,0.94,1
2023-03-05,Southeast Asia,VM,58,898,362,2023-03,1318,90.09,0.94,1
2023-03-05,Southeast Asia,Storage,51,1358,329,2023-03,1738,90.09,0.94,1
2023-03-05,Southeast Asia,Container,84,1989,405,2023-03,2478,90.09,0.94,1
2023-03-06,East US,VM,69,765,224,2023-03,1058,101.0,0.95,0
2023-03-06,East US,Storage,51,1292,452,2023-03,1795,101.0,0.95,0
2023-03-06,East US,Container,82,663,294,2023-03,1039,101.0,0.95,0
2023-03-06,West US,VM,63,1332,309,2023-03,1704,101.0,0.95,0
2023-03-06,West US,Storage,65,1321,437,2023-03,1823,101.0,0.95,0
2023-03-06,West US,Container,52,982,224,2023-03,1258,101.0,0.95,0
2023-03-06,North Europe,VM,62,1640,224,2023-03,1926,101.0,0.95,0
2023-03-06,North Europe,Storage,64,1696,211,2023-03,1971,101.0,0.95,0
2023-03-06,North Europe,Container,81,627,295,2023-03,1003,101.0,0.95,0
2023-03-06,Southeast Asia,VM,77,1042,219,2023-03,1338,101.0,0.95,0
2023-03-06,Southeast Asia,Storage,67,1488,359,2023-03,1914,101.0,0.95,0
2023-03-06,Southeast Asia,Container,78,542,453,2023-03,1073,101.0,0.95,0
2023-03-07,East US,VM,51,1583,350,2023-03,1984,84.49,1.01,0
2023-03-07,East US,Storage,68,786,204,2023-03,1058,84.49,1.01,0
2023-03-07,East US,Container,68,1277,329,2023-03,1674,84.49,1.01,0
2023-03-07,West US,VM,60,1189,452,2023-03,1701,84.49,1.01,0
2023-03-07,West US,Storage,80,1579,282,2023-03,1941,84.49,1.01,0
2023-03-07,West US,Container,58,1622,348,2023-03,2028,84.49,1.01,0
2023-03-07,North Europe,VM,58,1679,389,2023-03,2126,84.49,1.01,0
2023-03-07,North Europe,Storage,95,1382,462,2023-03,1939,84.49,1.01,0
2023-03-07,North Europe,Container,65,899,451,2023-03,1415,84.49,1.01,0
2023-03-07,Southeast Asia,VM,82,1783,459,2023-03,2324,84.49,1.01,0
2023-03-07,Southeast Asia,Storage,88,1284,300,2023-03,1672,84.49,1.01,0
2023-03-07,Southeast Asia,Container,88,1903,420,2023-03,2411,84.49,1.01,0
2023-03-08,East US,VM,85,623,430,2023-03,1138,89.38,1.05,0
2023-03-08,East US,Storage,99,1586,315,2023-03,2000,89.38,1.05,0
2023-03-08,East US,Container,84,1018,354,2023-03,1456,89.38,1.05,0
2023-03-08,West US,VM,77,1481,213,2023-03,1771,89.38,1.05,0
2023-03-08,West US,Storage,56,1097,332,2023-03,1485,89.38,1.05,0
2023-03-08,West US,Container,51,904,445,2023-03,1400,89.38,1.05,0
2023-03-08,North Europe,VM,87,1160,337,2023-03,1584,89.38,1.05,0
2023-03-08,North Europe,Storage,72,1946,264,2023-03,2282,89.38,1.05,0
2023-03-08,North Europe,Container,62,712,441,2023-03,1215,89.38,1.05,0
2023-03-08,Southeast Asia,VM,94,1736,380,2023-03,2210,89.38,1.05,0
2023-03-08,Southeast Asia,Storage,67,672,359,2023-03,1098,89.38,1.05,0
2023-03-08,Southeast Asia,Container,85,964,387,2023-03,1436,89.38,1.05,0
2023-03-09,East US,VM,60,1202,455,2023-03,1717,90.81,1.15,0
2023-03-09,East US,Storage,75,1009,395,2023-03,1479,90.81,1.15,0
2023-03-09,East US,Container,83,1123,451,2023-03,1657,90.81,1.15,0
2023-03-09,West US,VM,67,1243,426,2023-03,1736,90.81,1.15,0
2023-03-09,West US,Storage,90,1959,241,2023-03,2290,90.81,1.15,0
2023-03-09,West US,Container,70,1053,312,2023-03,1435,90.81,1.15,0
2023-03-09,North Europe,VM,90,691,216,2023-03,997,90.81,1.15,0
2023-03-09,North Europe,Storage,58,924,328,2023-03,1310,90.81,1.15,0
2023-03-09,North Europe,Container,51,1071,247,2023-03,1369,90.81,1.15,0
2023-03-09,Southeast Asia,VM,78,1620,209,2023-03,1907,90.81,1.15,0
2023-03-09,Southeast Asia,Storage,99,731,476,2023-03,1306,90.81,1.15,0
2023-03-09,Southeast Asia,Container,77,1214,446,2023-03,1737,90.81,1.15,0
2023-03-10,East US,VM,83,1275,413,2023-03,1771,92.17,0.97,0
2023-03-10,East US,Storage,57,1444,278,2023-03,1779,92.17,0.97,0
2023-03-10,East US,Container,66,1455,372,2023-03,1893,92.17,0.97,0
2023-03-10,West US,VM,68,1080,286,2023-03,1434,92.17,0.97,0
2023-03-10,West US,Storage,86,1531,399,2023-03,2016,92.17,0.97,0
2023-03-10,West US,Container,72,542,308,2023-03,922,92.17,0.97,0
2023-03-10,North Europe,VM,73,1163,216,2023-03,1452,92.17,0.97,0
2023-03-10,North Europe,Storage,54,647,476,2023-03,1177,92.17,0.97,0
2023-03-10,North Europe,Container,89,865,427,2023-03,1381,92.17,0.97,0
2023-03-10,Southeast Asia,VM,60,935,410,2023-03,1405,92.17,0.97,0
2023-03-10,Southeast Asia,Storage,56,998,227,2023-03,1281,92.17,0.97,0
2023-03-10,Southeast Asia,Container,92,941,460,2023-03,1493,92.17,0.97,0
2023-03-11,East US,VM,54,849,207,2023-03,1110,108.14,0.88,1
2023-03-11,East US,Storage,59,1491,419,2023-03,1969,108.14,0.88,1
2023-03-11,East US,Container,66,1746,335,2023-03,2147,108.14,0.88,1
2023-03-11,West US,VM,89,1420,248,2023-03,1757,108.14,0.88,1
2023-03-11,West US,Storage,85,1905,277,2023-03,2267,108.14,0.88,1
2023-03-11,West US,Container,90,668,416,2023-03,1174,108.14,0.88,1
2023-03-11,North Europe,VM,99,648,363,2023-03,1110,108.14,0.88,1
2023-03-11,North Europe,Storage,61,1269,468,2023-03,1798,108.14,0.88,1
2023-03-11,North Europe,Container,81,850,487,2023-03,1418,108.14,0.88,1
2023-03-11,Southeast Asia,VM,81,1391,425,2023-03,1897,108.14,0.88,1
2023-03-11,Southeast Asia,Storage,60,1021,470,2023-03,1551,108.14,0.88,1
2023-03-11,Southeast Asia,Container,66,1435,382,2023-03,1883,108.14,0.88,1
2023-03-12,East US,VM,58,987,323,2023-03,1368,102.27,1.13,1
2023-03-12,East US,Storage,74,1289,412,2023-03,1775,102.27,1.13,1
2023-03-12,East US,Container,93,1811,373,2023-03,2277,102.27,1.13,1
2023-03-12,West US,VM,98,1387,321,2023-03,1806,102.27,1.13,1
2023-03-12,West US,Storage,81,1745,318,2023-03,2144,102.27,1.13,1
2023-03-12,West US,Container,88,996,467,2023-03,1551,102.27,1.13,1
2023-03-12,North Europe,VM,90,1442,217,2023-03,1749,102.27,1.13,1
2023-03-12,North Europe,Storage,70,1920,348,2023-03,2338,102.27,1.13,1
2023-03-12,North Europe,Container,57,801,437,2023-03,1295,102.27,1.13,1
2023-03-12,Southeast Asia,VM,56,1162,435,2023-03,1653,102.27,1.13,1
2023-03-12,Southeast Asia,Storage,81,702,455,2023-03,1238,102.27,1.13,1
2023-03-12,Southeast Asia,Container,71,1161,434,2023-03,1666,102.27,1.13,1
2023-03-13,East US,VM,74,1033,484,2023-03,1591,83.93,1.02,0
2023-03-13,East US,Storage,62,1989,457,2023-03,2508,83.93,1.02,0
2023-03-13,East US,Container,78,712,482,2023-03,1272,83.93,1.02,0
2023-03-13,West US,VM,99,1986,287,2023-03,2372,83.93,1.02,0
2023-03-13,West US,Storage,93,960,477,2023-03,1530,83.93,1.02,0
2023-03-13,West US,Container,92,920,388,2023-03,1400,83.93,1.02,0
2023-03-13,North Europe,VM,82,1195,202,2023-03,1479,83.93,1.02,0
2023-03-13,North Europe,Storage,68,522,229,2023-03,819,83.93,1.02,0
2023-03-13,North Europe,Container,88,607,480,2023-03,1175,83.93,1.02,0
2023-03-13,Southeast Asia,VM,86,1634,335,2023-03,2055,83.93,1.02,0
2023-03-13,Southeast Asia,Storage,91,1709,343,2023-03,2143,83.93,1.02,0
2023-03-13,Southeast Asia,Container,57,628,460,2023-03,1145,83.93,1.02,0
2023-03-14,East US,VM,52,948,303,2023-03,1303,102.6,1.08,0
2023-03-14,East US,Storage,84,1747,209,2023-03,2040,102.6,1.08,0
2023-03-14,East US,Container,70,801,430,2023-03,1301,102.6,1.08,0
2023-03-14,West US,VM,76,1422,265,2023-03,1763,102.6,1.08,0
2023-03-14,West US,Storage,90,611,212,2023-03,913,102.6,1.08,0
2023-03-14,West US,Container,58,999,285,2023-03,1342,102.6,1.08,0
2023-03-14,North Europe,VM,91,1101,253,2023-03,1445,102.6,1.08,0
2023-03-14,North Europe,Storage,61,708,213,2023-03,982,102.6,1.08,0
2023-03-14,North Europe,Container,83,1960,219,2023-03,2262,102.6,1.08,0
2023-03-14,Southeast Asia,VM,60,1514,269,2023-03,1843,102.6,1.08,0
2023-03-14,Southeast Asia,Storage,68,1624,385,2023-03,2077,102.6,1.08,0
2023-03-14,Southeast Asia,Container,53,1904,331,2023-03,2288,102.6,1.08,0
2023-03-15,East US,VM,69,1035,426,2023-03,1530,87.63,0.87,0
2023-03-15,East US,Storage,75,1992,401,2023-03,2468,87.63,0.87,0
2023-03-15,East US,Container,87,1441,459,2023-03,1987,87.63,0.87,0
2023-03-15,West US,VM,94,1543,472,2023-03,2109,87.63,0.87,0
2023-03-15,West US,Storage,56,1015,420,2023-03,1491,87.63,0.87,0
2023-03-15,West US,Container,63,835,385,2023-03,1283,87.63,0.87,0
2023-03-15,North Europe,VM,53,1265,223,2023-03,1541,87.63,0.87,0
2023-03-15,North Europe,Storage,83,1093,358,2023-03,1534,87.63,0.87,0
2023-03-15,North Europe,Container,68,1842,410,2023-03,2320,87.63,0.87,0
2023-03-15,Southeast Asia,VM,71,1163,308,2023-03,1542,87.63,0.87,0
2023-03-15,Southeast Asia,Storage,61,1041,316,2023-03,1418,87.63,0.87,0
2023-03-15,Southeast Asia,Container,80,1367,391,2023-03,1838,87.63,0.87,0
2023-03-16,East US,VM,68,931,372,2023-03,1371,105.22,1.03,0
2023-03-16,East US,Storage,85,1873,382,2023-03,2340,105.22,1.03,0
2023-03-16,East US,Container,98,1706,345,2023-03,2149,105.22,1.03,0
2023-03-16,West US,VM,98,1262,450,2023-03,1810,105.22,1.03,0
2023-03-16,West US,Storage,96,1470,317,2023-03,1883,105.22,1.03,0
2023-03-16,West US,Container,94,660,397,2023-03,1151,105.22,1.03,0
2023-03-16,North Europe,VM,53,1159,439,2023-03,1651,105.22,1.03,0
2023-03-16,North Europe,Storage,96,898,397,2023-03,1391,105.22,1.03,0
2023-03-16,North Europe,Container,96,577,323,2023-03,996,105.22,1.03,0
2023-03-16,Southeast Asia,VM,60,636,289,2023-03,985,105.22,1.03,0
2023-03-16,Southeast Asia,Storage,65,1336,260,2023-03,1661,105.22,1.03,0
2023-03-16,Southeast Asia,Container,59,549,458,2023-03,1066,105.22,1.03,0
2023-03-17,East US,VM,62,753,317,2023-03,1132,102.5,1.03,0
2023-03-17,East US,Storage,94,1209,250,2023-03,1553,102.5,1.03,0
2023-03-17,East US,Container,68,1949,234,2023-03,2251,102.5,1.03,0
2023-03-17,West US,VM,95,1421,268,2023-03,1784,102.5,1.03,0
2023-03-17,West US,Storage,78,548,273,2023-03,899,102.5,1.03,0
2023-03-17,West US,Container,54,855,269,2023-03,1178,102.5,1.03,0
2023-03-17,North Europe,VM,75,1783,325,2023-03,2183,102.5,1.03,0
2023-03-17,North Europe,Storage,88,1818,328,2023-03,2234,102.5,1.03,0
2023-03-17,North Europe,Container,73,1836,299,2023-03,2208,102.5,1.03,0
2023-03-17,Southeast Asia,VM,55,1308,381,2023-03,1744,102.5,1.03,0
2023-03-17,Southeast Asia,Storage,95,1887,387,2023-03,2369,102.5,1.03,0
2023-03-17,Southeast Asia,Container,80,1484,235,2023-03,1799,102.5,1.03,0
2023-03-18,East US,VM,70,1425,305,2023-03,1800,93.2,1.02,1
2023-03-18,East US,Storage,79,1865,419,2023-03,2363,93.2,1.02,1
2023-03-18,East US,Container,56,662,419,2023-03,1137,93.2,1.02,1
2023-03-18,West US,VM,63,1131,381,2023-03,1575,93.2,1.02,1
2023-03-18,West US,Storage,80,704,269,2023-03,1053,93.2,1.02,1
2023-03-18,West US,Container,93,1340,427,2023-03,1860,93.2,1.02,1
2023-03-18,North Europe,VM,92,1095,449,2023-03,1636,93.2,1.02,1
2023-03-18,North Europe,Storage,92,1964,220,2023-03,2276,93.2,1.02,1
2023-03-18,North Europe,Container,53,1189,206,2023-03,1448,93.2,1.02,1
2023-03-18,Southeast Asia,VM,55,1138,359,2023-03,1552,93.2,1.02,1
2023-03-18,Southeast Asia,Storage,60,1671,342,2023-03,2073,93.2,1.02,1
2023-03-18,Southeast Asia,Container,97,698,353,2023-03,1148,93.2,1.02,1
2023-03-19,East US,VM,93,1395,341,2023-03,1829,102.93,0.93,1
2023-03-19,East US,Storage,86,813,220,2023-03,1119,102.93,0.93,1
2023-03-19,East US,Container,67,1654,286,2023-03,2007,102.93,0.93,1
2023-03-19,West US,VM,75,1483,360,2023-03,1918,102.93,0.93,1
2023-03-19,West US,Storage,99,1128,395,2023-03,1622,102.93,0.93,1
2023-03-19,West US,Container,91,1516,285,2023-03,1892,102.93,0.93,1
2023-03-19,North Europe,VM,82,1092,351,2023-03,1525,102.93,0.93,1
2023-03-19,North Europe,Storage,83,527,242,2023-03,852,102.93,0.93,1
2023-03-19,North Europe,Container,90,922,285,2023-03,1297,102.93,0.93,1
2023-03-19,Southeast Asia,VM,98,1028,297,2023-03,1423,102.93,0.93,1
2023-03-19,Southeast Asia,Storage,55,697,297,2023-03,1049,102.93,0.93,1
2023-03-19,Southeast Asia,Container,50,1341,204,2023-03,1595,102.93,0.93,1
2023-03-20,East US,VM,51,521,311,2023-03,883,118.66,1.05,0
2023-03-20,East US,Storage,51,1341,297,2023-03,1689,118.66,1.05,0
2023-03-20,East US,Container,65,934,324,2023-03,1323,118.66,1.05,0
2023-03-20,West US,VM,88,1609,275,2023-03,1972,118.66,1.05,0
2023-03-20,West US,Storage,73,1817,258,2023-03,2148,118.66,1.05,0
2023-03-20,West US,Container,59,1110,391,2023-03,1560,118.66,1.05,0
2023-03-20,North Europe,VM,98,1459,231,2023-03,1788,118.66,1.05,0
2023-03-20,North Europe,Storage,56,776,219,2023-03,1051,118.66,1.05,0
2023-03-20,North Europe,Container,75,882,267,2023-03,1224,118.66,1.05,0
2023-03-20,Southeast Asia,VM,95,1383,413,2023-03,1891,118.66,1.05,0
2023-03-20,Southeast Asia,Storage,64,875,431,2023-03,1370,118.66,1.05,0
2023-03-20,Southeast Asia,Container,70,578,413,2023-03,1061,118.66,1.05,0
2023-03-21,East US,VM,77,1281,367,2023-03,1725,88.09,1.07,0
2023-03-21,East US,Storage,77,1549,265,2023-03,1891,88.09,1.07,0
2023-03-21,East US,Container,74,1777,243,2023-03,2094,88.09,1.07,0
2023-03-21,West US,VM,82,1511,426,2023-03,2019,88.09,1.07,0
2023-03-21,West US,Storage,55,1178,478,2023-03,1711,88.09,1.07,0
2023-03-21,West US,Container,74,878,377,2023-03,1329,88.09,1.07,0
2023-03-21,North Europe,VM,92,1208,466,2023-03,1766,88.09,1.07,0
2023-03-21,North Europe,Storage,61,507,496,2023-03,1064,88.09,1.07,0
2023-03-21,North Europe,Container,85,984,284,2023-03,1353,88.09,1.07,0
2023-03-21,Southeast Asia,VM,57,1066,246,2023-03,1369,88.09,1.07,0
2023-03-21,Southeast Asia,Storage,64,737,303,2023-03,1104,88.09,1.07,0
2023-03-21,Southeast Asia,Container,67,1053,467,2023-03,1587,88.09,1.07,0
2023-03-22,East US,VM,51,1274,458,2023-03,1783,90.25,1.08,0
2023-03-22,East US,Storage,76,539,419,2023-03,1034,90.25,1.08,0
2023-03-22,East US,Container,50,1514,207,2023-03,1771,90.25,1.08,0
2023-03-22,West US,VM,86,1427,375,2023-03,1888,90.25,1.08,0
2023-03-22,West US,Storage,92,1112,459,2023-03,1663,90.25,1.08,0
2023-03-22,West US,Container,79,1465,445,2023-03,1989,90.25,1.08,0
2023-03-22,North Europe,VM,68,1043,336,2023-03,1447,90.25,1.08,0
2023-03-22,North Europe,Storage,61,1313,215,2023-03,1589,90.25,1.08,0
2023-03-22,North Europe,Container,50,1074,308,2023-03,1432,90.25,1.08,0
2023-03-22,Southeast Asia,VM,70,1169,468,2023-03,1707,90.25,1.08,0
2023-03-22,Southeast Asia,Storage,83,1783,301,2023-03,2167,90.25,1.08,0
2023-03-22,Southeast Asia,Container,80,746,327,2023-03,1153,90.25,1.08,0
2023-03-23,East US,VM,76,630,395,2023-03,1101,111.59,0.92,0
2023-03-23,East US,Storage,74,1429,353,2023-03,1856,111.59,0.92,0
2023-03-23,East US,Container,54,726,388,2023-03,1168,111.59,0.92,0
2023-03-23,West US,VM,77,764,333,2023-03,1174,111.59,0.92,0
2023-03-23,West US,Storage,68,1900,412,2023-03,2380,111.59,0.92,0
2023-03-23,West US,Container,73,1749,330,2023-03,2152,111.59,0.92,0
2023-03-23,North Europe,VM,61,975,485,2023-03,1521,111.59,0.92,0
2023-03-23,North Europe,Storage,75,1800,355,2023-03,2230,111.59,0.92,0
2023-03-23,North Europe,Container,75,689,362,2023-03,1126,111.59,0.92,0
2023-03-23,Southeast Asia,VM,83,540,274,2023-03,897,111.59,0.92,0
2023-03-23,Southeast Asia,Storage,72,1699,349,2023-03,2120,111.59,0.92,0
2023-03-23,Southeast Asia,Container,66,1336,307,2023-03,1709,111.59,0.92,0
2023-03-24,East US,VM,60,1361,470,2023-03,1891,109.63,1.04,0
2023-03-24,East US,Storage,76,1430,488,2023-03,1994,109.63,1.04,0
2023-03-24,East US,Container,69,1392,471,2023-03,1932,109.63,1.04,0
2023-03-24,West US,VM,83,1589,447,2023-03,2119,109.63,1.04,0
2023-03-24,West US,Storage,77,1570,400,2023-03,2047,109.63,1.04,0
2023-03-24,West US,Container,69,623,200,2023-03,892,109.63,1.04,0
2023-03-24,North Europe,VM,57,1354,327,2023-03,1738,109.63,1.04,0
2023-03-24,North Europe,Storage,52,1015,493,2023-03,1560,109.63,1.04,0
2023-03-24,North Europe,Container,64,1714,220,2023-03,1998,109.63,1.04,0
2023-03-24,Southeast Asia,VM,84,1836,316,2023-03,2236,109.63,1.04,0
2023-03-24,Southeast Asia,Storage,95,959,238,2023-03,1292,109.63,1.04,0
2023-03-24,Southeast Asia,Container,58,1344,406,2023-03,1808,109.63,1.04,0
2023-03-25,East US,VM,67,1638,424,2023-03,2129,108.22,1.19,1
2023-03-25,East US,Storage,55,1774,418,2023-03,2247,108.22,1.19,1
2023-03-25,East US,Container,72,1966,290,2023-03,2328,108.22,1.19,1
2023-03-25,West US,VM,83,1387,245,2023-03,1715,108.22,1.19,1
2023-03-25,West US,Storage,87,641,299,2023-03,1027,108.22,1.19,1
2023-03-25,West US,Container,57,1201,234,2023-03,1492,108.22,1.19,1
2023-03-25,North Europe,VM,68,1095,480,2023-03,1643,108.22,1.19,1
2023-03-25,North Europe,Storage,89,1355,469,2023-03,1913,108.22,1.19,1
2023-03-25,North Europe,Container,75,1113,414,2023-03,1602,108.22,1.19,1
2023-03-25,Southeast Asia,VM,71,582,309,2023-03,962,108.22,1.19,1
2023-03-25,Southeast Asia,Storage,52,1949,474,2023-03,2475,108.22,1.19,1
2023-03-25,Southeast Asia,Container,58,783,372,2023-03,1213,108.22,1.19,1
2023-03-26,East US,VM,56,1586,272,2023-03,1914,97.55,0.92,1
2023-03-26,East US,Storage,68,1442,319,2023-03,1829,97.55,0.92,1
2023-03-26,East US,Container,87,1960,363,2023-03,2410,97.55,0.92,1
2023-03-26,West US,VM,89,964,485,2023-03,1538,97.55,0.92,1
2023-03-26,West US,Storage,58,819,360,2023-03,1237,97.55,0.92,1
2023-03-26,West US,Container,74,1726,426,2023-03,2226,97.55,0.92,1
2023-03-26,North Europe,VM,90,833,421,2023-03,1344,97.55,0.92,1
2023-03-26,North Europe,Storage,90,567,463,2023-03,1120,97.55,0.92,1
2023-03-26,North Europe,Container,51,1650,454,2023-03,2155,97.55,0.92,1
2023-03-26,Southeast Asia,VM,65,976,261,2023-03,1302,97.55,0.92,1
2023-03-26,Southeast Asia,Storage,98,931,357,2023-03,1386,97.55,0.92,1
2023-03-26,Southeast Asia,Container,61,1558,466,2023-03,2085,97.55,0.92,1
2023-03-27,East US,VM,95,1992,454,2023-03,2541,91.1,0.92,0
2023-03-27,East US,Storage,70,1848,475,2023-03,2393,91.1,0.92,0
2023-03-27,East US,Container,86,1512,400,2023-03,1998,91.1,0.92,0
2023-03-27,West US,VM,58,1847,234,2023-03,2139,91.1,0.92,0
2023-03-27,West US,Storage,66,981,415,2023-03,1462,91.1,0.92,0
2023-03-27,West US,Container,81,1588,207,2023-03,1876,91.1,0.92,0
2023-03-27,North Europe,VM,94,842,275,2023-03,1211,91.1,0.92,0
2023-03-27,North Europe,Storage,95,1058,214,2023-03,1367,91.1,0.92,0
2023-03-27,North Europe,Container,90,1158,225,2023-03,1473,91.1,0.92,0
2023-03-27,Southeast Asia,VM,78,905,431,2023-03,1414,91.1,0.92,0
2023-03-27,Southeast Asia,Storage,70,1004,356,2023-03,1430,91.1,0.92,0
2023-03-27,Southeast Asia,Container,53,1978,227,2023-03,2258,91.1,0.92,0
2023-03-28,East US,VM,53,1929,275,2023-03,2257,99.23,1.03,0
2023-03-28,East US,Storage,94,1078,393,2023-03,1565,99.23,1.03,0
2023-03-28,East US,Container,73,1685,456,2023-03,2214,99.23,1.03,0
2023-03-28,West US,VM,57,1610,461,2023-03,2128,99.23,1.03,0
2023-03-28,West US,Storage,71,1072,467,2023-03,1610,99.23,1.03,0
2023-03-28,West US,Container,55,1229,482,2023-03,1766,99.23,1.03,0
2023-03-28,North Europe,VM,57,1990,292,2023-03,2339,99.23,1.03,0
2023-03-28,North Europe,Storage,94,1252,341,2023-03,1687,99.23,1.03,0
2023-03-28,North Europe,Container,84,1955,436,2023-03,2475,99.23,1.03,0
2023-03-28,Southeast Asia,VM,69,1152,388,2023-03,1609,99.23,1.03,0
2023-03-28,Southeast Asia,Storage,87,548,389,2023-03,1024,99.23,1.03,0
2023-03-28,Southeast Asia,Container,57,1054,289,2023-03,1400,99.23,1.03,0
2023-03-29,East US,VM,88,840,444,2023-03,1372,102.77,1.08,0
2023-03-29,East US,Storage,98,1203,305,2023-03,1606,102.77,1.08,0
2023-03-29,East US,Container,92,881,432,2023-03,1405,102.77,1.08,0
2023-03-29,West US,VM,58,1867,236,2023-03,2161,102.77,1.08,0
2023-03-29,West US,Storage,98,1052,216,2023-03,1366,102.77,1.08,0
2023-03-29,West US,Container,73,1318,258,2023-03,1649,102.77,1.08,0
2023-03-29,North Europe,VM,88,682,240,2023-03,1010,102.77,1.08,0
2023-03-29,North Europe,Storage,88,896,391,2023-03,1375,102.77,1.08,0
2023-03-29,North Europe,Container,60,1406,326,2023-03,1792,102.77,1.08,0
2023-03-29,Southeast Asia,VM,95,500,367,2023-03,962,102.77,1.08,0
2023-03-29,Southeast Asia,Storage,93,518,271,2023-03,882,102.77,1.08,0
2023-03-29,Southeast Asia,Container,57,1456,308,2023-03,1821,102.77,1.08,0
2023-03-30,East US,VM,61,944,439,2023-03,1444,100.13,1.15,0
2023-03-30,East US,Storage,82,1824,289,2023-03,2195,100.13,1.15,0
2023-03-30,East US,Container,88,1487,449,2023-03,2024,100.13,1.15,0
2023-03-30,West US,VM,54,1019,352,2023-03,1425,100.13,1.15,0
2023-03-30,West US,Storage,76,673,357,2023-03,1106,100.13,1.15,0
2023-03-30,West US,Container,94,930,414,2023-03,1438,100.13,1.15,0
2023-03-30,North Europe,VM,98,1349,345,2023-03,1792,100.13,1.15,0
2023-03-30,North Europe,Storage,51,1847,360,2023-03,2258,100.13,1.15,0
2023-03-30,North Europe,Container,85,1093,346,2023-03,1524,100.13,1.15,0
2023-03-30,Southeast Asia,VM,96,911,283,2023-03,1290,100.13,1.15,0
2023-03-30,Southeast Asia,Storage,98,831,442,2023-03,1371,100.13,1.15,0
2023-03-30,Southeast Asia,Container,64,540,457,2023-03,1061,100.13,1.15,0
2023-03-31,East US,VM,78,604,401,2023-03,1083,97.35,1.27,0
2023-03-31,East US,Storage,51,1789,409,2023-03,2249,97.35,1.27,0
2023-03-31,East US,Container,58,1900,238,2023-03,2196,97.35,1.27,0
2023-03-31,West US,VM,77,1270,283,2023-03,1630,97.35,1.27,0
2023-03-31,West US,Storage,55,1166,316,2023-03,1537,97.35,1.27,0
2023-03-31,West US,Container,51,886,495,2023-03,1432,97.35,1.27,0
2023-03-31,North Europe,VM,51,1604,467,2023-03,2122,97.35,1.27,0
2023-03-31,North Europe,Storage,84,734,412,2023-03,1230,97.35,1.27,0
2023-03-31,North Europe,Container,98,1650,422,2023-03,2170,97.35,1.27,0
2023-03-31,Southeast Asia,VM,74,1802,493,2023-03,2369,97.35,1.27,0
2023-03-31,Southeast Asia,Storage,77,776,306,2023-03,1159,97.35,1.27,0
2023-03-31,Southeast Asia,Container,67,919,298,2023-03,1284,97.35,1.27,0
